-- MySQL dump 10.13  Distrib 8.0.44, for Linux (x86_64)
--
-- Host: 127.0.0.1    Database: helpdeskdb
-- ------------------------------------------------------
-- Server version	8.0.44-0ubuntu0.24.04.1

/*!40101 SET @OLD_CHARACTER_SET_CLIENT=@@CHARACTER_SET_CLIENT */;
/*!40101 SET @OLD_CHARACTER_SET_RESULTS=@@CHARACTER_SET_RESULTS */;
/*!40101 SET @OLD_COLLATION_CONNECTION=@@COLLATION_CONNECTION */;
/*!50503 SET NAMES utf8mb4 */;
/*!40103 SET @OLD_TIME_ZONE=@@TIME_ZONE */;
/*!40103 SET TIME_ZONE='+00:00' */;
/*!40014 SET @OLD_UNIQUE_CHECKS=@@UNIQUE_CHECKS, UNIQUE_CHECKS=0 */;
/*!40014 SET @OLD_FOREIGN_KEY_CHECKS=@@FOREIGN_KEY_CHECKS, FOREIGN_KEY_CHECKS=0 */;
/*!40101 SET @OLD_SQL_MODE=@@SQL_MODE, SQL_MODE='NO_AUTO_VALUE_ON_ZERO' */;
/*!40111 SET @OLD_SQL_NOTES=@@SQL_NOTES, SQL_NOTES=0 */;

--
-- Table structure for table `categoria_departamento`
--

DROP TABLE IF EXISTS `categoria_departamento`;
/*!40101 SET @saved_cs_client     = @@character_set_client */;
/*!50503 SET character_set_client = utf8mb4 */;
CREATE TABLE `categoria_departamento` (
  `catdp_id` int NOT NULL AUTO_INCREMENT COMMENT 'Primary Key',
  `cat_id` int DEFAULT NULL,
  `dp_id` int DEFAULT NULL,
  `fech_crea` datetime DEFAULT NULL,
  `fech_elim` datetime DEFAULT NULL,
  `est` int DEFAULT NULL,
  PRIMARY KEY (`catdp_id`)
) ENGINE=InnoDB AUTO_INCREMENT=118 DEFAULT CHARSET=utf8mb4 COLLATE=utf8mb4_0900_ai_ci;
/*!40101 SET character_set_client = @saved_cs_client */;

--
-- Dumping data for table `categoria_departamento`
--

/*!40000 ALTER TABLE `categoria_departamento` DISABLE KEYS */;
INSERT INTO `categoria_departamento` VALUES (88,61,10,NULL,NULL,NULL),(89,62,10,NULL,NULL,NULL),(90,63,10,NULL,NULL,NULL),(91,64,10,NULL,NULL,NULL),(92,65,10,NULL,NULL,NULL),(93,66,10,NULL,NULL,NULL),(94,67,10,NULL,NULL,NULL),(95,68,10,NULL,NULL,NULL),(96,69,10,NULL,NULL,NULL),(97,70,10,NULL,NULL,NULL),(98,71,10,NULL,NULL,NULL),(99,72,10,NULL,NULL,NULL),(100,73,10,NULL,NULL,NULL),(101,74,10,NULL,NULL,NULL),(103,76,10,NULL,NULL,NULL),(104,77,10,NULL,NULL,NULL),(105,78,10,NULL,NULL,NULL),(106,79,10,NULL,NULL,NULL),(107,80,10,NULL,NULL,NULL),(108,81,10,NULL,NULL,NULL),(109,82,10,NULL,NULL,NULL),(110,83,10,NULL,NULL,NULL),(111,84,10,NULL,NULL,NULL),(112,85,10,NULL,NULL,NULL),(113,86,10,NULL,NULL,NULL),(114,87,10,NULL,NULL,NULL),(115,88,10,NULL,NULL,NULL),(116,75,10,NULL,NULL,NULL),(117,89,17,NULL,NULL,NULL);
/*!40000 ALTER TABLE `categoria_departamento` ENABLE KEYS */;

--
-- Table structure for table `categoria_empresa`
--

DROP TABLE IF EXISTS `categoria_empresa`;
/*!40101 SET @saved_cs_client     = @@character_set_client */;
/*!50503 SET character_set_client = utf8mb4 */;
CREATE TABLE `categoria_empresa` (
  `catemp_id` int NOT NULL AUTO_INCREMENT COMMENT 'Primary Key',
  `cat_id` int DEFAULT NULL,
  `emp_id` int DEFAULT NULL,
  `fech_crea` datetime DEFAULT NULL,
  `fech_elim` datetime DEFAULT NULL,
  `est` int DEFAULT NULL,
  PRIMARY KEY (`catemp_id`)
) ENGINE=InnoDB AUTO_INCREMENT=182 DEFAULT CHARSET=utf8mb4 COLLATE=utf8mb4_0900_ai_ci;
/*!40101 SET character_set_client = @saved_cs_client */;

--
-- Dumping data for table `categoria_empresa`
--

/*!40000 ALTER TABLE `categoria_empresa` DISABLE KEYS */;
INSERT INTO `categoria_empresa` VALUES (123,61,11,NULL,NULL,NULL),(124,61,10,NULL,NULL,NULL),(125,62,11,NULL,NULL,NULL),(126,62,10,NULL,NULL,NULL),(127,63,11,NULL,NULL,NULL),(128,63,10,NULL,NULL,NULL),(129,64,11,NULL,NULL,NULL),(130,64,10,NULL,NULL,NULL),(131,65,11,NULL,NULL,NULL),(132,65,10,NULL,NULL,NULL),(133,66,11,NULL,NULL,NULL),(134,66,10,NULL,NULL,NULL),(135,67,11,NULL,NULL,NULL),(136,67,10,NULL,NULL,NULL),(137,68,11,NULL,NULL,NULL),(138,68,10,NULL,NULL,NULL),(139,69,11,NULL,NULL,NULL),(140,69,10,NULL,NULL,NULL),(141,70,11,NULL,NULL,NULL),(142,70,10,NULL,NULL,NULL),(143,71,11,NULL,NULL,NULL),(144,71,10,NULL,NULL,NULL),(145,72,11,NULL,NULL,NULL),(146,72,10,NULL,NULL,NULL),(147,73,11,NULL,NULL,NULL),(148,73,10,NULL,NULL,NULL),(149,74,11,NULL,NULL,NULL),(150,74,10,NULL,NULL,NULL),(153,76,11,NULL,NULL,NULL),(154,76,10,NULL,NULL,NULL),(155,77,11,NULL,NULL,NULL),(156,77,10,NULL,NULL,NULL),(157,78,11,NULL,NULL,NULL),(158,78,10,NULL,NULL,NULL),(159,79,11,NULL,NULL,NULL),(160,79,10,NULL,NULL,NULL),(161,80,11,NULL,NULL,NULL),(162,80,10,NULL,NULL,NULL),(163,81,11,NULL,NULL,NULL),(164,81,10,NULL,NULL,NULL),(165,82,11,NULL,NULL,NULL),(166,82,10,NULL,NULL,NULL),(167,83,11,NULL,NULL,NULL),(168,83,10,NULL,NULL,NULL),(169,84,11,NULL,NULL,NULL),(170,84,10,NULL,NULL,NULL),(171,85,11,NULL,NULL,NULL),(172,85,10,NULL,NULL,NULL),(173,86,11,NULL,NULL,NULL),(174,86,10,NULL,NULL,NULL),(175,87,11,NULL,NULL,NULL),(176,87,10,NULL,NULL,NULL),(177,88,11,NULL,NULL,NULL),(178,88,10,NULL,NULL,NULL),(179,75,11,NULL,NULL,NULL),(180,89,10,NULL,NULL,NULL),(181,89,11,NULL,NULL,NULL);
/*!40000 ALTER TABLE `categoria_empresa` ENABLE KEYS */;

--
-- Table structure for table `empresa_usuario`
--

DROP TABLE IF EXISTS `empresa_usuario`;
/*!40101 SET @saved_cs_client     = @@character_set_client */;
/*!50503 SET character_set_client = utf8mb4 */;
CREATE TABLE `empresa_usuario` (
  `empusu_id` int NOT NULL AUTO_INCREMENT COMMENT 'Primary Key',
  `usu_id` int DEFAULT NULL,
  `emp_id` int DEFAULT NULL,
  `fech_crea` datetime DEFAULT NULL,
  `fech_elim` datetime DEFAULT NULL,
  `est` int DEFAULT NULL,
  PRIMARY KEY (`empusu_id`)
) ENGINE=InnoDB AUTO_INCREMENT=350 DEFAULT CHARSET=utf8mb4 COLLATE=utf8mb4_0900_ai_ci;
/*!40101 SET character_set_client = @saved_cs_client */;

--
-- Dumping data for table `empresa_usuario`
--

/*!40000 ALTER TABLE `empresa_usuario` DISABLE KEYS */;
INSERT INTO `empresa_usuario` VALUES (70,101,10,'2025-07-21 14:48:37',NULL,1),(71,101,11,'2025-07-21 14:48:37',NULL,1),(86,104,10,'2025-08-04 10:49:14',NULL,1),(87,104,11,'2025-08-04 10:49:14',NULL,1),(94,107,10,'2025-08-04 10:50:06',NULL,1),(95,107,11,'2025-08-04 10:50:06',NULL,1),(96,109,10,'2025-08-04 10:50:22',NULL,1),(97,106,10,'2025-08-04 10:50:34',NULL,1),(98,106,11,'2025-08-04 10:50:34',NULL,1),(99,108,10,'2025-08-04 10:50:46',NULL,1),(100,110,10,'2025-08-04 10:51:01',NULL,1),(101,110,11,'2025-08-04 10:51:01',NULL,1),(102,102,10,'2025-08-04 10:56:50',NULL,1),(103,102,11,'2025-08-04 10:56:50',NULL,1),(104,103,10,'2025-08-04 10:56:57',NULL,1),(105,103,11,'2025-08-04 10:56:57',NULL,1),(106,105,10,'2025-08-04 16:23:45',NULL,1),(107,105,11,'2025-08-04 16:23:45',NULL,1),(114,116,10,'2025-08-08 15:26:32',NULL,1),(115,116,11,'2025-08-08 15:26:32',NULL,1),(116,117,10,'2025-08-08 15:27:28',NULL,1),(117,117,11,'2025-08-08 15:27:28',NULL,1),(118,118,10,'2025-08-08 15:28:29',NULL,1),(119,118,11,'2025-08-08 15:28:29',NULL,1),(136,125,10,'2025-08-08 16:22:41',NULL,1),(137,125,11,'2025-08-08 16:22:41',NULL,1),(138,124,10,'2025-08-08 16:22:56',NULL,1),(139,124,11,'2025-08-08 16:22:56',NULL,1),(140,123,10,'2025-08-08 16:23:05',NULL,1),(141,123,11,'2025-08-08 16:23:05',NULL,1),(152,115,10,'2025-08-08 17:13:58',NULL,1),(153,115,11,'2025-08-08 17:13:58',NULL,1),(156,114,10,'2025-08-29 16:27:05',NULL,1),(157,114,11,'2025-08-29 16:27:05',NULL,1),(158,120,10,'2025-09-02 14:00:31',NULL,1),(159,120,11,'2025-09-02 14:00:31',NULL,1),(160,122,10,'2025-09-02 14:00:44',NULL,1),(161,122,11,'2025-09-02 14:00:44',NULL,1),(170,127,10,'2025-09-06 11:31:27',NULL,1),(171,127,11,'2025-09-06 11:31:27',NULL,1),(172,128,10,'2025-09-06 11:31:39',NULL,1),(173,128,11,'2025-09-06 11:31:39',NULL,1),(174,129,10,'2025-09-06 11:31:56',NULL,1),(175,129,11,'2025-09-06 11:31:56',NULL,1),(176,130,10,'2025-09-06 11:32:10',NULL,1),(177,130,11,'2025-09-06 11:32:10',NULL,1),(178,131,10,'2025-09-06 11:34:31',NULL,1),(179,131,11,'2025-09-06 11:34:31',NULL,1),(180,132,10,'2025-09-06 11:35:29',NULL,1),(181,132,11,'2025-09-06 11:35:29',NULL,1),(182,133,10,'2025-09-06 11:36:40',NULL,1),(183,133,11,'2025-09-06 11:36:40',NULL,1),(186,134,10,'2025-09-06 11:39:48',NULL,1),(187,134,11,'2025-09-06 11:39:48',NULL,1),(188,135,10,'2025-09-06 11:40:22',NULL,1),(189,135,11,'2025-09-06 11:40:22',NULL,1),(200,140,10,'2025-09-10 11:05:18',NULL,1),(201,140,11,'2025-09-10 11:05:18',NULL,1),(214,144,10,'2025-09-10 11:30:15',NULL,1),(215,144,11,'2025-09-10 11:30:15',NULL,1),(216,126,10,'2025-09-10 11:30:22',NULL,1),(217,126,11,'2025-09-10 11:30:22',NULL,1),(218,143,10,'2025-09-10 11:30:33',NULL,1),(219,143,11,'2025-09-10 11:30:33',NULL,1),(220,142,10,'2025-09-10 11:30:43',NULL,1),(221,142,11,'2025-09-10 11:30:43',NULL,1),(222,141,10,'2025-09-10 11:30:50',NULL,1),(223,141,11,'2025-09-10 11:30:50',NULL,1),(224,139,10,'2025-09-10 11:32:09',NULL,1),(225,139,11,'2025-09-10 11:32:09',NULL,1),(226,138,10,'2025-09-10 11:32:24',NULL,1),(227,138,11,'2025-09-10 11:32:24',NULL,1),(228,137,10,'2025-09-10 11:32:35',NULL,1),(229,137,11,'2025-09-10 11:32:35',NULL,1),(230,136,10,'2025-09-10 11:32:47',NULL,1),(231,136,11,'2025-09-10 11:32:47',NULL,1),(234,145,10,'2025-09-10 11:42:14',NULL,1),(235,145,11,'2025-09-10 11:42:14',NULL,1),(236,146,10,'2025-09-10 11:43:16',NULL,1),(237,146,11,'2025-09-10 11:43:16',NULL,1),(238,147,10,'2025-09-10 11:44:08',NULL,1),(239,147,11,'2025-09-10 11:44:08',NULL,1),(244,150,10,'2025-09-10 11:53:12',NULL,1),(245,150,11,'2025-09-10 11:53:12',NULL,1),(246,149,10,'2025-09-10 11:53:22',NULL,1),(247,149,11,'2025-09-10 11:53:22',NULL,1),(254,154,10,'2025-09-10 14:36:20',NULL,1),(255,154,11,'2025-09-10 14:36:20',NULL,1),(256,155,10,'2025-09-10 14:36:59',NULL,1),(257,155,11,'2025-09-10 14:36:59',NULL,1),(258,156,10,'2025-09-10 14:38:08',NULL,1),(259,156,11,'2025-09-10 14:38:08',NULL,1),(260,157,10,'2025-09-10 14:38:55',NULL,1),(261,157,11,'2025-09-10 14:38:55',NULL,1),(262,158,10,'2025-09-10 14:42:10',NULL,1),(263,158,11,'2025-09-10 14:42:10',NULL,1),(264,159,10,'2025-09-10 14:43:10',NULL,1),(265,159,11,'2025-09-10 14:43:10',NULL,1),(266,160,10,'2025-09-10 14:43:53',NULL,1),(267,160,11,'2025-09-10 14:43:53',NULL,1),(272,161,10,'2025-09-11 08:59:39',NULL,1),(273,161,11,'2025-09-11 08:59:39',NULL,1),(274,162,10,'2025-09-11 09:00:16',NULL,1),(275,162,11,'2025-09-11 09:00:16',NULL,1),(276,163,10,'2025-09-11 09:02:00',NULL,1),(277,163,11,'2025-09-11 09:02:00',NULL,1),(278,164,10,'2025-09-11 09:03:00',NULL,1),(279,164,11,'2025-09-11 09:03:00',NULL,1),(280,165,10,'2025-09-11 09:15:36',NULL,1),(281,165,11,'2025-09-11 09:15:36',NULL,1),(282,166,10,'2025-09-11 09:16:36',NULL,1),(283,166,11,'2025-09-11 09:16:36',NULL,1),(284,167,10,'2025-09-11 09:21:06',NULL,1),(285,167,11,'2025-09-11 09:21:06',NULL,1),(286,168,10,'2025-09-11 09:22:13',NULL,1),(287,168,11,'2025-09-11 09:22:13',NULL,1),(288,148,10,'2025-09-11 09:23:30',NULL,1),(289,148,11,'2025-09-11 09:23:30',NULL,1),(290,169,10,'2025-09-11 09:25:13',NULL,1),(291,169,11,'2025-09-11 09:25:13',NULL,1),(292,170,10,'2025-09-11 09:26:04',NULL,1),(293,170,11,'2025-09-11 09:26:04',NULL,1),(294,171,10,'2025-09-11 09:27:07',NULL,1),(295,171,11,'2025-09-11 09:27:07',NULL,1),(296,172,10,'2025-09-11 09:32:24',NULL,1),(297,172,11,'2025-09-11 09:32:24',NULL,1),(300,173,10,'2025-09-11 09:33:41',NULL,1),(301,173,11,'2025-09-11 09:33:41',NULL,1),(302,174,10,'2025-09-11 09:34:43',NULL,1),(303,174,11,'2025-09-11 09:34:43',NULL,1),(306,175,10,'2025-09-11 09:36:25',NULL,1),(307,175,11,'2025-09-11 09:36:25',NULL,1),(308,176,10,'2025-09-11 09:37:16',NULL,1),(309,176,11,'2025-09-11 09:37:16',NULL,1),(310,177,10,'2025-09-11 09:41:04',NULL,1),(311,177,11,'2025-09-11 09:41:04',NULL,1),(312,178,10,'2025-09-11 11:33:31',NULL,1),(313,178,11,'2025-09-11 11:33:31',NULL,1),(314,113,10,'2025-09-11 11:46:54',NULL,1),(315,113,11,'2025-09-11 11:46:54',NULL,1),(316,152,10,'2025-10-28 15:34:10',NULL,1),(317,152,11,'2025-10-28 15:34:10',NULL,1),(318,153,10,'2025-10-29 15:06:51',NULL,1),(319,153,11,'2025-10-29 15:06:51',NULL,1),(324,179,10,'2025-10-29 15:17:57',NULL,1),(325,179,11,'2025-10-29 15:17:57',NULL,1),(326,119,10,'2025-10-29 16:00:14',NULL,1),(327,119,11,'2025-10-29 16:00:14',NULL,1),(328,151,10,'2025-10-30 15:53:58',NULL,1),(329,151,11,'2025-10-30 15:53:58',NULL,1),(330,121,10,'2025-10-30 15:58:29',NULL,1),(331,121,11,'2025-10-30 15:58:29',NULL,1),(332,180,10,'2025-11-13 11:11:30',NULL,1),(333,180,11,'2025-11-13 11:11:30',NULL,1),(334,181,10,'2025-11-24 16:13:36',NULL,1),(335,181,11,'2025-11-24 16:13:36',NULL,1),(336,182,10,'2025-11-27 14:42:31',NULL,1),(337,182,11,'2025-11-27 14:42:31',NULL,1),(340,183,10,'2025-11-28 17:29:01',NULL,1),(341,183,11,'2025-11-28 17:29:01',NULL,1),(344,184,10,'2025-11-28 17:30:31',NULL,1),(345,184,11,'2025-11-28 17:30:31',NULL,1),(348,185,10,'2025-12-02 10:29:19',NULL,1),(349,185,11,'2025-12-02 10:29:19',NULL,1);
/*!40000 ALTER TABLE `empresa_usuario` ENABLE KEYS */;

--
-- Table structure for table `regla_asignados`
--

DROP TABLE IF EXISTS `regla_asignados`;
/*!40101 SET @saved_cs_client     = @@character_set_client */;
/*!50503 SET character_set_client = utf8mb4 */;
CREATE TABLE `regla_asignados` (
  `regla_id` int NOT NULL,
  `asignado_car_id` int NOT NULL,
  PRIMARY KEY (`regla_id`,`asignado_car_id`)
) ENGINE=InnoDB DEFAULT CHARSET=utf8mb4 COLLATE=utf8mb4_0900_ai_ci;
/*!40101 SET character_set_client = @saved_cs_client */;

--
-- Dumping data for table `regla_asignados`
--

/*!40000 ALTER TABLE `regla_asignados` DISABLE KEYS */;
INSERT INTO `regla_asignados` VALUES (56,153),(57,153),(58,153),(59,153),(60,153),(61,153),(62,153),(63,153),(64,153),(65,153),(66,153),(67,153),(68,202),(69,206),(70,204),(71,204),(72,153),(73,153),(74,199),(75,153),(76,153),(77,172),(78,153),(79,199),(80,199),(81,199),(82,199),(83,199),(84,199),(85,203),(86,203),(87,203),(88,181),(89,181),(90,172),(91,172),(92,172),(93,172),(94,162),(95,202),(96,202),(97,202),(98,153),(99,153),(100,153),(101,193);
/*!40000 ALTER TABLE `regla_asignados` ENABLE KEYS */;

--
-- Table structure for table `regla_creadores`
--

DROP TABLE IF EXISTS `regla_creadores`;
/*!40101 SET @saved_cs_client     = @@character_set_client */;
/*!50503 SET character_set_client = utf8mb4 */;
CREATE TABLE `regla_creadores` (
  `regla_id` int NOT NULL,
  `creador_car_id` int NOT NULL,
  PRIMARY KEY (`regla_id`,`creador_car_id`)
) ENGINE=InnoDB DEFAULT CHARSET=utf8mb4 COLLATE=utf8mb4_0900_ai_ci;
/*!40101 SET character_set_client = @saved_cs_client */;

--
-- Dumping data for table `regla_creadores`
--

/*!40000 ALTER TABLE `regla_creadores` DISABLE KEYS */;
INSERT INTO `regla_creadores` VALUES (56,172),(57,172),(58,172),(59,172),(60,164),(60,165),(60,172),(60,180),(60,190),(61,162),(61,164),(61,165),(61,167),(61,172),(62,162),(62,193),(63,162),(63,190),(63,201),(64,172),(65,172),(66,172),(67,172),(68,206),(69,198),(70,156),(70,164),(70,172),(70,180),(70,190),(70,198),(71,156),(71,164),(71,172),(71,180),(71,190),(71,198),(72,172),(73,172),(74,164),(74,165),(74,172),(75,164),(75,165),(75,172),(76,164),(76,165),(76,172),(77,153),(78,190),(78,193),(79,153),(80,186),(80,189),(80,200),(81,157),(82,157),(83,157),(84,157),(85,179),(86,181),(87,179),(87,181),(88,203),(89,203),(90,153),(91,153),(92,153),(93,153),(94,153),(95,164),(96,164),(97,164),(98,193),(99,193),(100,162),(100,172),(101,158),(101,162);
/*!40000 ALTER TABLE `regla_creadores` ENABLE KEYS */;

--
-- Table structure for table `td_documento`
--

DROP TABLE IF EXISTS `td_documento`;
/*!40101 SET @saved_cs_client     = @@character_set_client */;
/*!50503 SET character_set_client = utf8mb4 */;
CREATE TABLE `td_documento` (
  `doc_id` int NOT NULL AUTO_INCREMENT,
  `tick_id` int NOT NULL,
  `doc_nom` varchar(400) CHARACTER SET utf8mb3 COLLATE utf8mb3_spanish_ci NOT NULL,
  `fech_crea` datetime NOT NULL,
  `est` int NOT NULL,
  PRIMARY KEY (`doc_id`)
) ENGINE=InnoDB AUTO_INCREMENT=12 DEFAULT CHARSET=utf8mb3 COLLATE=utf8mb3_spanish_ci;
/*!40101 SET character_set_client = @saved_cs_client */;

--
-- Dumping data for table `td_documento`
--

/*!40000 ALTER TABLE `td_documento` DISABLE KEYS */;
INSERT INTO `td_documento` VALUES (6,74,'Listas de precios BLACK FRIDAY  - LG TV del 21 al 30 de noviembre 2025.pdf','2025-11-21 13:38:44',1),(7,75,'SISTECREDITO 70101 20 NOVIEMBRE 2025.pdf','2025-11-21 13:44:32',1),(8,75,'RESUMEN 701 20 NOVIEMBRE 2025.pdf','2025-11-21 13:44:32',1),(9,75,'PUENTE 70101 20 NOVIEMBRE 2025.pdf','2025-11-21 13:44:32',1),(10,75,'FINANCIERA 70101 20 NOVIEMBRE 2025.pdf','2025-11-21 13:44:32',1),(11,75,'ARPESOD 70101 20 NOVIEMBRE 2025.pdf','2025-11-21 13:44:32',1);
/*!40000 ALTER TABLE `td_documento` ENABLE KEYS */;

--
-- Table structure for table `td_documento_cierre`
--

DROP TABLE IF EXISTS `td_documento_cierre`;
/*!40101 SET @saved_cs_client     = @@character_set_client */;
/*!50503 SET character_set_client = utf8mb4 */;
CREATE TABLE `td_documento_cierre` (
  `doc_cierre_id` int NOT NULL AUTO_INCREMENT,
  `tick_id` int NOT NULL,
  `doc_nom` varchar(255) COLLATE utf8mb4_general_ci NOT NULL,
  `fech_crea` datetime NOT NULL,
  `est` int NOT NULL DEFAULT '1',
  PRIMARY KEY (`doc_cierre_id`)
) ENGINE=InnoDB DEFAULT CHARSET=utf8mb4 COLLATE=utf8mb4_general_ci;
/*!40101 SET character_set_client = @saved_cs_client */;

--
-- Dumping data for table `td_documento_cierre`
--

/*!40000 ALTER TABLE `td_documento_cierre` DISABLE KEYS */;
/*!40000 ALTER TABLE `td_documento_cierre` ENABLE KEYS */;

--
-- Table structure for table `td_documento_detalle`
--

DROP TABLE IF EXISTS `td_documento_detalle`;
/*!40101 SET @saved_cs_client     = @@character_set_client */;
/*!50503 SET character_set_client = utf8mb4 */;
CREATE TABLE `td_documento_detalle` (
  `det_id` int NOT NULL AUTO_INCREMENT,
  `tickd_id` int NOT NULL,
  `det_nom` varchar(200) CHARACTER SET utf8mb3 COLLATE utf8mb3_spanish_ci NOT NULL,
  `fech_crea` datetime DEFAULT NULL,
  `est` int NOT NULL,
  PRIMARY KEY (`det_id`)
) ENGINE=InnoDB DEFAULT CHARSET=utf8mb3 COLLATE=utf8mb3_spanish_ci;
/*!40101 SET character_set_client = @saved_cs_client */;

--
-- Dumping data for table `td_documento_detalle`
--

/*!40000 ALTER TABLE `td_documento_detalle` DISABLE KEYS */;
/*!40000 ALTER TABLE `td_documento_detalle` ENABLE KEYS */;

--
-- Table structure for table `td_empresa`
--

DROP TABLE IF EXISTS `td_empresa`;
/*!40101 SET @saved_cs_client     = @@character_set_client */;
/*!50503 SET character_set_client = utf8mb4 */;
CREATE TABLE `td_empresa` (
  `emp_id` int NOT NULL AUTO_INCREMENT COMMENT 'Primary Key',
  `emp_nom` varchar(100) DEFAULT NULL,
  `fech_crea` datetime DEFAULT NULL,
  `fech_elim` datetime DEFAULT NULL,
  `est` int DEFAULT NULL,
  PRIMARY KEY (`emp_id`)
) ENGINE=InnoDB AUTO_INCREMENT=20 DEFAULT CHARSET=utf8mb4 COLLATE=utf8mb4_0900_ai_ci;
/*!40101 SET character_set_client = @saved_cs_client */;

--
-- Dumping data for table `td_empresa`
--

/*!40000 ALTER TABLE `td_empresa` DISABLE KEYS */;
INSERT INTO `td_empresa` VALUES (10,'Finansueños','2025-07-02 17:52:19',NULL,1),(11,'Arpesod','2025-07-02 17:52:19',NULL,1);
/*!40000 ALTER TABLE `td_empresa` ENABLE KEYS */;

--
-- Table structure for table `td_prioridad`
--

DROP TABLE IF EXISTS `td_prioridad`;
/*!40101 SET @saved_cs_client     = @@character_set_client */;
/*!50503 SET character_set_client = utf8mb4 */;
CREATE TABLE `td_prioridad` (
  `pd_id` int NOT NULL AUTO_INCREMENT,
  `pd_nom` varchar(255) DEFAULT NULL,
  `est` int DEFAULT NULL,
  PRIMARY KEY (`pd_id`)
) ENGINE=InnoDB AUTO_INCREMENT=5 DEFAULT CHARSET=utf8mb4 COLLATE=utf8mb4_0900_ai_ci;
/*!40101 SET character_set_client = @saved_cs_client */;

--
-- Dumping data for table `td_prioridad`
--

/*!40000 ALTER TABLE `td_prioridad` DISABLE KEYS */;
INSERT INTO `td_prioridad` VALUES (1,'Baja',1),(2,'Media',1),(3,'Alta',1),(4,'Urgente',1);
/*!40000 ALTER TABLE `td_prioridad` ENABLE KEYS */;

--
-- Table structure for table `td_ticket_campo_valor`
--

DROP TABLE IF EXISTS `td_ticket_campo_valor`;
/*!40101 SET @saved_cs_client     = @@character_set_client */;
/*!50503 SET character_set_client = utf8mb4 */;
CREATE TABLE `td_ticket_campo_valor` (
  `tick_campo_id` int NOT NULL AUTO_INCREMENT,
  `tick_id` int NOT NULL,
  `campo_id` int NOT NULL,
  `valor` text,
  `fech_crea` datetime DEFAULT CURRENT_TIMESTAMP,
  `est` int DEFAULT '1',
  PRIMARY KEY (`tick_campo_id`)
) ENGINE=InnoDB AUTO_INCREMENT=92 DEFAULT CHARSET=utf8mb4 COLLATE=utf8mb4_0900_ai_ci;
/*!40101 SET character_set_client = @saved_cs_client */;

--
-- Dumping data for table `td_ticket_campo_valor`
--

/*!40000 ALTER TABLE `td_ticket_campo_valor` DISABLE KEYS */;
INSERT INTO `td_ticket_campo_valor` VALUES (1,79,7,'2025-11-27','2025-11-27 14:44:49',1),(2,79,8,'9','2025-11-27 14:44:49',1),(3,79,9,'Valentina','2025-11-27 14:44:49',1),(4,79,10,'Peña','2025-11-27 14:44:49',1),(5,79,11,'1025685458','2025-11-27 14:44:49',1),(6,79,12,'Popayan','2025-11-27 14:44:49',1),(7,79,13,'164','2025-11-27 14:44:49',1),(8,80,7,'2025-11-27','2025-11-27 14:58:55',1),(9,80,8,'9','2025-11-27 14:58:55',1),(10,80,9,'Valentina','2025-11-27 14:58:55',1),(11,80,10,'Peña','2025-11-27 14:58:55',1),(12,80,11,'1025685458','2025-11-27 14:58:55',1),(13,80,12,'Popayan','2025-11-27 14:58:55',1),(14,80,13,'164','2025-11-27 14:58:55',1),(15,81,14,'2025-11-27','2025-11-27 15:03:58',1),(16,81,15,'9','2025-11-27 15:03:58',1),(17,81,16,'Sara Valentina','2025-11-27 15:03:58',1),(18,81,17,'Peña Uribe','2025-11-27 15:03:58',1),(19,81,18,'1026589895','2025-11-27 15:03:58',1),(20,81,19,'Popayan','2025-11-27 15:03:58',1),(21,81,20,'164','2025-11-27 15:03:58',1),(22,83,21,'2025-11-28','2025-11-28 17:32:19',1),(23,83,22,'9','2025-11-28 17:32:19',1),(24,83,23,'Sara Valentina ','2025-11-28 17:32:19',1),(25,83,24,'Peña Ramirez','2025-11-28 17:32:19',1),(26,83,25,'102545896','2025-11-28 17:32:19',1),(27,83,26,'Popayan','2025-11-28 17:32:19',1),(28,83,27,'164','2025-11-28 17:32:19',1),(29,84,21,'2025-11-28','2025-11-28 17:47:27',1),(30,84,22,'9','2025-11-28 17:47:27',1),(31,84,23,'Sara Valentina ','2025-11-28 17:47:27',1),(32,84,24,'Peña Ramirez','2025-11-28 17:47:27',1),(33,84,25,'1026555','2025-11-28 17:47:27',1),(34,84,26,'Popayan','2025-11-28 17:47:27',1),(35,84,27,'164','2025-11-28 17:47:27',1),(36,85,21,'2025-11-28','2025-11-29 08:36:03',1),(37,85,22,'9','2025-11-29 08:36:03',1),(38,85,23,'Sara Valentina ','2025-11-29 08:36:03',1),(39,85,24,'Peña Ramirez','2025-11-29 08:36:03',1),(40,85,25,'1026555','2025-11-29 08:36:03',1),(41,85,26,'Popayan','2025-11-29 08:36:03',1),(42,85,27,'164','2025-11-29 08:36:03',1),(43,1096,21,'2025-11-28','2025-11-29 09:02:53',1),(44,1096,22,'9','2025-11-29 09:02:53',1),(45,1096,23,'Sara Valentina ','2025-11-29 09:02:53',1),(46,1096,24,'Peña Ramirez','2025-11-29 09:02:53',1),(47,1096,25,'1026555','2025-11-29 09:02:53',1),(48,1096,26,'Popayan','2025-11-29 09:02:53',1),(49,1096,27,'164','2025-11-29 09:02:53',1),(50,1097,21,'2025-11-28','2025-11-29 09:06:17',1),(51,1097,22,'9','2025-11-29 09:06:17',1),(52,1097,23,'Sara Valentina ','2025-11-29 09:06:17',1),(53,1097,24,'Peña Ramirez','2025-11-29 09:06:17',1),(54,1097,25,'1026555','2025-11-29 09:06:17',1),(55,1097,26,'Popayan','2025-11-29 09:06:17',1),(56,1097,27,'164','2025-11-29 09:06:17',1),(57,1098,21,'2025-11-28','2025-11-29 10:42:10',1),(58,1098,22,'9','2025-11-29 10:42:10',1),(59,1098,23,'Sara Valentina ','2025-11-29 10:42:10',1),(60,1098,24,'Peña Ramirez','2025-11-29 10:42:10',1),(61,1098,25,'1026555','2025-11-29 10:42:10',1),(62,1098,26,'Popayan','2025-11-29 10:42:10',1),(63,1098,27,'164','2025-11-29 10:42:10',1),(64,1099,21,'2025-11-28','2025-12-02 10:36:34',1),(65,1099,22,'10','2025-12-02 10:36:34',1),(66,1099,23,'Sebastian','2025-12-02 10:36:34',1),(67,1099,24,'Balvin','2025-12-02 10:36:34',1),(68,1099,25,'1026555','2025-12-02 10:36:34',1),(69,1099,26,'Popayan','2025-12-02 10:36:34',1),(70,1099,27,'205','2025-12-02 10:36:34',1),(71,1100,21,'2025-11-28','2025-12-02 10:41:55',1),(72,1100,22,'9','2025-12-02 10:41:55',1),(73,1100,23,'Sara Valentina ','2025-12-02 10:41:55',1),(74,1100,24,'Peña Ramirez','2025-12-02 10:41:55',1),(75,1100,25,'1026555','2025-12-02 10:41:55',1),(76,1100,26,'Popayan','2025-12-02 10:41:55',1),(77,1100,27,'164','2025-12-02 10:41:55',1),(78,1101,21,'2025-11-28','2025-12-02 11:37:29',1),(79,1101,22,'10','2025-12-02 11:37:29',1),(80,1101,23,'Sebastian','2025-12-02 11:37:29',1),(81,1101,24,'Balvin','2025-12-02 11:37:29',1),(82,1101,25,'1026555','2025-12-02 11:37:29',1),(83,1101,26,'Popayan','2025-12-02 11:37:29',1),(84,1101,27,'205','2025-12-02 11:37:29',1),(85,1102,21,'2025-11-28','2025-12-03 09:01:02',1),(86,1102,22,'9','2025-12-03 09:01:02',1),(87,1102,23,'Sara Valentina ','2025-12-03 09:01:02',1),(88,1102,24,'Peña Ramirez','2025-12-03 09:01:02',1),(89,1102,25,'1026555','2025-12-03 09:01:02',1),(90,1102,26,'Popayan','2025-12-03 09:01:02',1),(91,1102,27,'164','2025-12-03 09:01:02',1);
/*!40000 ALTER TABLE `td_ticket_campo_valor` ENABLE KEYS */;

--
-- Table structure for table `td_ticketdetalle`
--

DROP TABLE IF EXISTS `td_ticketdetalle`;
/*!40101 SET @saved_cs_client     = @@character_set_client */;
/*!50503 SET character_set_client = utf8mb4 */;
CREATE TABLE `td_ticketdetalle` (
  `tickd_id` int NOT NULL AUTO_INCREMENT,
  `tick_id` int NOT NULL,
  `usu_id` int NOT NULL,
  `tickd_descrip` mediumtext CHARACTER SET utf8mb3 COLLATE utf8mb3_spanish_ci NOT NULL,
  `fech_crea` datetime NOT NULL,
  `est` int NOT NULL,
  PRIMARY KEY (`tickd_id`)
) ENGINE=InnoDB AUTO_INCREMENT=174 DEFAULT CHARSET=utf8mb3 COLLATE=utf8mb3_spanish_ci;
/*!40101 SET character_set_client = @saved_cs_client */;

--
-- Dumping data for table `td_ticketdetalle`
--

/*!40000 ALTER TABLE `td_ticketdetalle` DISABLE KEYS */;
INSERT INTO `td_ticketdetalle` VALUES (118,81,170,'<p>Se la pasa al siguiente asignado</p>','2025-11-27 15:50:07',1),(119,82,146,'No OC (OC-20)','2025-11-27 16:29:13',1),(120,82,115,'Tipo Egreso:ES01-1<br>\r\nValor:100.000<br>\r\nDoc Cruce:xxxx<br>\r\nNit:1111111<br>\r\nModelo:00<br>\r\nDestino:00<br>\r\nDetalle:xxxxxx','2025-11-27 16:36:46',1),(121,82,114,'<p>Pago realizado</p>','2025-11-27 16:38:07',1),(122,82,126,'<p>No OC 1020<br>\r\nNota: Enviar factura electrónica</p><p><img src=\"data:image/png;base64,iVBORw0KGgoAAAANSUhEUgAAAK4AAAE2CAYAAAD4Tql0AAAAAXNSR0IArs4c6QAAAARnQU1BAACxjwv8YQUAAAAJcEhZcwAADsMAAA7DAcdvqGQAAChPSURBVHhe7Z19fBRFnvC/eR/AgcG42SG8SHwBouARBRQiaoIrGlc5g7AaYO/B4LmKiCsKuwveG7grCAoLyHkSvFsIqGzQuAaBxwRPSVDggBM2IYgki5JgHiCRAEkmmannj+7JzPTMhCQkJA2/7+dTn89MVXV3dfe3q6uru6tDlEspWsjR78q5rm8vY7QgXDJCjRGCYAZEXMGUiLiCKRFxBVMi4gqmRMQVTImIK5iSkM7Sj7u3zMWG/fV8/6OixQUSrjg6RY27t8zFGzscfCfSCs2kU4i7YX899U5jrCAEp1OI+/2PUs8KLaNTiCvaCi2lU4grCC1FxBVMiYgrmBIRVzAlIq5gSkRcwZSIuIIpuSLFjflpGIn9w0jsH0p/Y6JgCq48ce0RzLk7ghkjI5gxMpKXk8KNOQQTcOWJ2yMEW5jnb7euId6pgknoFI81Prah1hjVfgyMJOPWULq5/59x8lhOvW+eZpD0dxEM7mKMBVyK4uMuth13GVPaB2sYv4gPpWuVk3cOX6JlthNBt6kXFRX1vHdUxG21uE89aCGpuzHWi1oXH+9ysO64MaFtuS8piifsIaBcfPyug3XGDE3Qv3cYvSPg/Bkn+04bUy89F9ymwPGjtcz66kpsKrQ1CuobvIL78UxLKD+/PZKfG7K3Ncdr9B8OqDKkXYixQ7W2/uQbjSkdjHGbBti+UuNebI3rN30IiXdEMiNOazuXHqrlN/u8ktuB/r3D6HbGyV+rjSlN414Hdy3W0QTfpv5ctuLGXBvOI71CiDQmRIUyIjaECPf/Whf55QE2Qb2Lv/yPk1JjvE7TGzmCJY+H0Rs490MD6XkNAMTcGME/DghlYLcQIkKh3qE4WNLAO/ucVBjm0H9ABL+KD6V3VAgRKKp+dLGpQDF4dBi9cbFjcz0fAAyOYEm/UHC42PRpPfmgHTwJEaTGhRITDhHAuTpFSXkD63Y5KdWn6dYtBFs41J9XVNTD8WN1vH4QHhkdxZ1WOHeygTVVoVo5al1M2aqtZ/8BETwxKJS4qBAiwqDeqaiocLJpbwP5jQdPGE/dG86ASDh+zMFXEVp5Ik7W89zngd8aaHqberjvjsjLtakQzgu3h5MUF0aiMXhLi3ZK98sTF0bigAh+M9qr+6El2DVZAOobtIMi4bZI/jAsjMHdteXXOyEiKoSEQRH8ITmcGK/Jbx4RxfzbwujfVRODsBBsV4fxxM/CuLlHCL17hHrydwuld48QevcIoacelXB7JL8aFErvKK0c9UrrPRl8fQQv3xveOI1N7wmM6KpN31s/DcV01/7H9Qn3lEPPe99dUbx6WxgDuulxIRARHkLv2HBm/My7aRTCT/Ry3XxjJDP08nQLv/henG1nL9s2rr7DL5KIiJZv5P69w3lhWFijWBWnndA7gqkDtObJ8ZJ6nnu/likba3muwMlxJ3T7aTgvJLiXFc4vrtUPrjoXHxfU8diGWn7zlZODzhBPEycoYTzYW5u+osTBY/qyHttaT/6PisNHG+CbepbvrGeXXjtWHNP+r/vGd04RUSGcO+3kvZ31LN+v1ZL7KxXnHIr8/Q6e21DLYxvqWH7IxTn0s9kQ33kAdLNARZmTNTvreeuvgWtbH6xhrJ1gCRheHQYcdF6u4qo2eYetvj5AE8JI9zDefdzSGF69K5wRVi3p3A8NrDgIPx+o15CVThZ+6WkWVPytnoXfal1Y/WP1WndIKHHhAIpdXzlY9zetDKVH61mQ59+kaIpu1jCSrtb/nHayfHMdC48Cp13klzo5p69efYOT/FL/noVzPzTwq631fFDqJF/v3qs4UM9vt9WxvMill0WRv6+Bv57TpunW1XsOGhUlDp7773q2lTrZ9UMztmkIRIQHCWEAl624Dbz+VQPbS5zkG0OZwqf1VOvyz1PiJP9wPa9+0Ur7HYqD39YzP6+BCqB3F7027RrKnJQolniFOb30NEsIIwC66rWtQ3HY2JVWjW/ZA+Ik//9pcnS7Joynxlp4d2IUf7w3kqkDLn53x1wbzrP3eg7Udx+z8MfkUGhiU9W39DKq2snyndpZwBjcZ4WLX5NOSsXfGnjry3qWG8MJhcM7o0P55/mynuVNXJj5cMbJYxtqeWxDAwfr9DiXIn9XgOkjQ4jpZghdQrRunlD4iTF/K9n+hYPlB50cPqeoV1obOeYnoYy9LZI/jrqYNlQ4z44IY4BF2277Spzkl7o43yOcERfof20RCvJLtbOAMbjPCpetuJeeBv7jG5dWI1pCeSTRs2nPuWujKiezNmptTv/g4B00IUCTPM7eOIsWosg/UM8/fVTHlHdr+c3nDWw/rc03pl8Yk43Zm8vAUHrrzZj8/DoWflnP8i8d/OYDB7vOGzO3LyJuG1JxoJ6tldrvmL4RzOit/d72gy50z1D+Md5wwXd1OFOHeu2GI4pSBRDCiGER3Oduo14dxoyUUPRZNknC7ZHMGeyZZ+nxBt76X71NGuJ/gRcR3nINHHqbVqNtrilaQstLLDSBYt0BJxVKE2TE30VwM1Cxr4EdPwKEMHhoFBkPRzLv7khefTCKtfeFM3ZABE+5a9fqet4r0drhEdYwnhirXU2/OzaCRAva1XtTREcw+dpQEoZEsvaRKP7t7ghmJEayJFHv6ah2scOdV6/cY3pHsOTBKJaMuoAOxS6ONwCEcOfdkfxiQBiJA8KZcW9k4wVpm2C44PUOS27XslygpEKLOV7PB2WaERE9wpiSEAK4eGuzg49/0Nqc3bqFMjg2lP7dtZsLx481sPWEZxb7vnLw74dcVOiN8YhwOHfGxcdfuS58W/dUPesOuzheBxGWEAbEhpHYL5TekVB/zsV7BfX8Vc/6QYmLKr0N3Lt7CL27X6j928CK/U6ON0CENZRHbotgxm3hDA1zsa+Fd+0ulsv2zllQ7BEsuSuM3vo+OneigfTt2p2tS0MoCf1D6Ip2EffNMXe3UjNovF2t2L6hjreM6QZifhrGjfrTVkEfpLGGMiI6hIgWlSWEm/uFYgttYr7tzJUnrs8OVRwvdflf/XcwN4+IYsY1LjZ9Wc82txRXhzNndDgJXbXuovkfe2rOK5ErUtzOTRhzHokgwaL9q9dPBu5brjgVu/63jteLGye4IpE2bqfDycJP6/ngexcVdUCYdreovkFx/Acnaz4VaZEaVzArUuMKpkTEFUyJiCuYEhFXMCUirmBKRFzBlIi4gikRcQVTIuIKpqRTiNvyd2mFK51OIW6fHp2iGIKJ6BTGPP534USESr0rNJ9OIe6tvUP59Z0R9O0RKs0GoVl0iqfDBKGldIoaVxBaiogrmBIRVzAlIq5gSkRcwZSIuIIpEXEFUyLiCqZExBVMiYgrmBIRVzAlIq5gSkRcwZSIuIIpEXEFUyLiCqZExBVMiYgrmBIRVzAlIq5gSlolbgghqJa/YykIbUarxI2KiuB8rfuLy4Jw6WmVuN2v6krVmbNS6wodRqvGVQA4VXWG2joHtu5X0dUSRUiIDOUhXDpaLS7A2fM1nDl7nrq6epT7i8aCcAm4KHEFoaNoVRtXEDoaEVcwJSKuYEpEXMGUiLiCKRFxBVMi4gqmRMQVTImIK5gSEVcwJSKuYEpEXMGUiLiCKRFxBVMi4gqmRMQVTImIK5gSEVcwJSKuYEpEXMGUiLiCKRFxBVMi4gqmRMQVTImIK5gSEVcwJSKuYEpEXMGUiLiCKRFxBVPS+mFGz5ewZ2cp1cZ4W39uub430bZIY0rnpqqY/P85Q9zo4cS2Z9Gd1RR/tYfqvokM69ueC7q8ab24361jyvhlFBvj3VgHMuF3i5g5JpbOv3vKyPyHcSwrAuvENeS+OMSYoc0oWz+Zv19aDNYJZOTOpv2WdHnTJk0Fa0wssb3cIRprGFBdzMbfjmPcb7dwymmcorNxDbH9tMMrNjbamNimXBMbpx3IfWJp3yVd3rRBjTuQmVnrmNTXK81ZzYH1LzN7eT6ngOiJa/ikHWuxtsFBdRVYL0ETx1FdDV2tRIYZU4Tm0j7i6pT+52QmvlkMDOGlj9cwIcYrsWI3mW+uYuOeUk7WRHLNtcOZ9NxsJgy1emUCx3fbWbVoFdtLTur5bmHsI+lMThmo1exunNUUb17DsvV5lFRU47jKSv+EyTz//ASG2LQsxR8u4M+FEHvP00zq+7U23+tf4sPnh/ukTR0VDZwiP2MVn/0AQx6dzbDvVrFg9ScUVziwxgwi6an5zLzHv86sPpzNmuWZbC85SbXDirXPLb7rdTibV/58AH6axK/SEz21bsDyT+CJ9IkkereFT+XzzlvbKWMIj85JxvHhIpb+aTelZx1Yr01k0guzmTDYdxtejrSruJzfzpwxs9nuhIHPZ7M2LRaA6v9ZxLRnN1LihEhbLNd0qeZkeTUOYOCM91k7JU6bvnQdUx5fRnFjvjqqK05R7QTGLmLH/CTttOssIfPpySzb7/BZPABhA5m5YR2T+kP+vwzn15shNn4IdYcPaE2YlKXs+pfExrSBM7JZOyVWa/dOHseywxAdE82pilPGOfuWFShd/wSTlx4gQCk8eb94mRGztsCAmXy4bjKxXKj80YxbtJG5o3UZvbb7wPhiiouM+YczL/tNHvauJC5D2qSNG5Sut5CYoP0sPlyi/ajewoJnN1LijGbsojx2bMvmw+w8dmxbxNhoKF7+NK/t17Lmr9ekHfjM+3q+LeTuyCPjmfuZOl6XFih+63ltp0cnMvM/8ti1aze7duaRMSORuHsmc7/hoCorKiP2F4t4/5MtfDJruG9iAE4xnHnv52vz3bGFNyZqshYvn8/GCj1T0SqeX3oAB9EkzlhD7s7d7Nq1m9z/mEni9UlMHusR3Iin/En+y3GeInv2fLaf95uKkz1nkrFNW86OrNkMCwOcu9lS4H+QXW60r7hEE2048ss+XMd2J1jHz2f+PV6nNFsS8xdMwMopNn6Y7z0JJ4u/ptS948KsDPk/83l6qP7fmc+6tWWAlQkLljLJfUoOszJkylLe+8P9RBvaknHPrCLj+ST6R0cTbb1wm3bsnPk83F/PFxlN4ovzmdoX4AAffVoGQP57ayhDW683pgxpbMZYh07mjQ2LGBusBvQp/6LAy3FuZ+M2o4z3M3vJ5MZmUGTfCUwaq/2urr78v/rZzuKWcFjvL7Ne1V2L+VaPKNzIK79f4Bv+/LWWdqSEMiAxZTLRYXAqdwET7xnOiDETeeb369h+2Kv3uKyEUidAIqNu80Q3RWRYlDGqhQwkeYzW7NHOJGWUHtFSRo26cA3uQ5PlH8gDD2k19Z79h4yJV/TFXfuKe3gL2d9qP4fdMtAnqfr7r9n91W7fUFiNtVcssdWnKAMYOpPs95cy8++HE2cFqkvY8+Ey5kxO5hdvBe1BviRYrZfmAigy7MJnhCuR9hPXWULmK9rpE+v9PHyntgO6X6XtcOt98/kwOztImMkwfTaRfROZ9Ls3eS93N7s+28LaOUlEAyUZy/joFNDVijbHEkq/cy+8vXFw4IB24MTGXANEYdVOKJSWak2HZtNk+Y3LEdy0ubiO6lOUFqzi1+MmsqwIIJqx/zKbxK5a+pB77ycaqP5wGZmlxolL2HPQqxlQlE1mgdf/rtEMHJ/Ow70AzlB9Hoh+gAljAIpZNm+dftrVcHy7kczP/G5Kt5g9udu1ngyd6i/ms/QzACuJtw8Eorl/fBIAxW/O9l0vRwkb1/pO74NX+dcsz/a5WeNZTixj7/U9Y13phBsjWk4xy8YPZ5kxGq0rZ+y/ZjLf3ZUDMPR55o3P49dZxSx7PJkto8dx/+3RnNxfwPbtuymzjuONrHkkdi1j4xsLWLZ/AauuT2JCSjK3xFbzdVYGmeVA30SG9QWIJOmZ2Qz5YhEHipYx8b6PGDbqFqKrdrP9qzIcZFC26iNeuq31p9xTW2cz5os4w3yBYTN5Qm+XRo55npeG5vPafm29PhqWyC22U+zevpsyB6z54U2yXxwe4Pa3V/k/W8AD920kacwgOJJH/kF3F+FSnh5gnO7Kps1rXABrzBCS0uex9pMtzL/P2EkfSeKcjWTMSCI2rJriz9axbOEyMrfupixqIBNefILhXQFimbBgEZNuj4Vvt5O5/GXm/HYRmXtOYY2fzBsZT9NYB/WdQMamRUyIt2rt4K3ZbP2qDEdkLElzVjHzIqQFGPu7NUwdeNIzXyB69GzeXzrO67ZtLBNWfcTC8QOxUk3JV1vI3rqbMkcksffMZtVzgaTV8Sl/Mds/zGb7wWqt/DPW8KZXX7Gg0fobEG2Cg+pTWq1CmDX4E2WOak5Va53zkV2iserNjoCcr+ZUjQOIxBptDS7LBfHcgBi7ZDfzR2vNoGpHM8rgdFBdpa1XpDWaZvS4eWiz8l/etEuN23wisUZHEx0dHVxagEirlif6AsKgXexoedt+p0dam1mGMM96tUha2rf8lxMdLK4gtA4RNyhR9E8ax7i/H8fwnxrThI6mg9u4gtA6pMYVTImIK5gSEVcwJSKuYEpEXMGUiLiCKRFxBVMi4gqmRMQVTImIK5iSVt/y/bH6HDU1dThdLurq643JgtCutErcM2fPc/ZcDVGR4Vi7djEmC0K706qmwrmaWpFW6FBaJa7L6RJphQ6lVeJKm1boaFolriB0NCKuYEpEXMGUiLiCKRFxBVMi4gqmRMQVTImIK5gSEVcwJSKuYEpEXMGUiLiCKWnV87hHvyunT4xxwOZ25mQur795gPC7Unnmnn7aUOoN56iuDcd61cV+Rafjqch7m9d3/GiM9ic0nJgbhvLgz+9h4FXGxLalouBPvP1lsDL14K5f/pLRXp+mOPjRcrL1rw950/OOX/DMqGDfy2odJqtxGyj7/H1e/3gPu7es55VFq3hlaTb7XcZ85iPmzonMff5OBhn3SGQ3YrwFdTVQcXgP7yx9m20nvOLbgQZHHTVn66gOFBz+H2LoEop/vrN1nD1f65uxDTBups7LNVdztf7z9N7PyNpVRnUDdLlpCIPNsxbBieyBtXsPLMavcnS9jsdeeJ5nRvXwjXf9SN77W7WvGrUTsfc8ydzUfvg9eR0Zy/hnf8lo/eOAbq7/+Qye8ylnOIMefpLZ9/bzimsbzLHLG05RnHeAv/mVNpqRd8UbD3wTU0ttgM/5Qjj97k1jXH9DdNVhdhq/XNTGdBl8I9caI/vFMzxIMyXW7i1uDDffYjjg2gg/FTodJ3J5fdE7vLOjghq/JsEp9u85RoMx+rKkG9f3MUpQR3WVIeoKofOLGxnD4MH9iLVF0SVA1Xp61/u8nteeJ8zOwjm+/d54odSNnu720xVGpxe3wdKPkfeM5ZlnZ/DPD3vaSl2uG0Ly0OsY3L8H4ad/4LTPVJcbDRzLW0+OsVlwzQCG9zHEXSF0anHLCv7EK4vf5pWlbzPvzVwq7NHEAIRGM/r+sdz3cCqTf/kkLzya0Hjhdtlx9jDrXl/Kmzt+9G0Shcdw38S7ie3Ue7D96LSrXVbwJ97+tIIad8Tp43x7VT+utUDMHWO4qxWftv30vwv4zb8tbjJ8+t8Fxsk6loY6Tp81RgINFWxbl0PxeWPClUGnFPf0nvW+0gJdBgxhcOSNjJ/9Ii/cq9+AaCH33j2Ke+8eZYxu5ELpHYJtCM/904u8+rupTL0zxrdr6sw3vLMmlwrvuDbHgsX4wbWTFUG74WpqvfpsIy3o3+ZuczqduKf3rGf55jKDtPcw49EErG1Q2mByBovvNIRHMzD5l0wd1s03/vQ+svfU+ca1KddxbawhqqqIbfvPGSIB11G27fA6jGJi6dcG+8yP8/s6l7jBpR3G1a2pYoNglNT4vzPTb9gAv/b8t4cOtGOXYBRDbzWe4Ro49NEqXnn/M4rLfqT6zI9Ulx0g+z8/YucZd55wBt06xP/mRRtQsWtP5xH3Uknrxi2rmaQFIOZq7QLVm9On2rW50GXwgzw6wH8nVB/awzurtYvnV1ZvZef3nsOny4C7GX+L4ezQRli7d+sc4l5qad2YTloAv5swgCUKizGuTenG0IlTmTy0W7OuLa4eOqbNmnaB6HLruI4Xt6OkNS1HSjA+gGXt08+v+dDmhPZg8MNPs+CFiUxOjmdw/x5Yr4pqDDH9r2Nk8liefO55Zj+c0M77rlsHP9Z4JJt/Xf+NSNtIEe++msN+7+cVbEN47rmxxKJdlPznilwOeT9sFRrNfb+aSnIrugfNTIeKW/HZ27z+uec2Zpfr7uTpx+4g5kqU1vEj1bVFZP1xB4e8mwPh3bh+wE/pwlnKDldw2vcuBP3uncgzo4yX/W3JMb748x7+ZoxuFjHc9eidtP2zYR0sLuf3se7fczl4FqwD7uTJR69QaVvyILlOePdY7koZS/KA6Ga1O1tPEVmvf8ohY3Sz6Me458e1y2OnHSuuILSSdjgWBKH9EXEFUyLiCqZExBVMiYgrmBIRVzAlIq5gSkRcwZSIuIIpEXEFUyLiCqZExBVMiYgrmBIRVzAlIq5gSkRcwZSIuIIpEXEFUyLiCqZExBVMSateljz+w0nqHPXGaEG4ZLRK3KPflXNd317GaEG4ZEhTQTAlIq5gSkRcwZSIuIIpEXEFUyLiCqZExBVMiYgrmBIRVzAlIq5gSkRcwZSIuIIpEXEFUyLiCqZExBVMiYgrmBIRVzAlIq5gSi75qzsn9myioAToO4rUO+zGZABqD+Wx+UAV2OJJ+Vl8+3wZvKGWE/vzyNueR96RKmw3JJOclEzyUDuWZnyqsfZQHpt376NgRxFVV8WT/PMUUkbGY2tJYWtLyPvLPqqIY9SEBPy2xtki8j7JI+/TfTA0heSkFJIHBV9A7aE8Nm/PY/P+E9iHppA8OplRg23Bt19DLUVfbCbvs83sI4GUe5JJGR3frPXvcJRLqZaGb/9W5hfX3JAzBQUosKnpn/unK5dSRxfGa3kGL1ZHA6RfbCjPSlfx4e5yGEJ4vJqVU+k3jTvUfL1CpfYJMB0owu0qLbPcb5qA4XyhWjDMPW2ayjGkl2emKrtx/qDsEzJVuaMFZRo0S+WeDrD8Y5kq1R4gvz1VZR4LkL+ThQ4UF4UtTeUE2KjtKW7hwgTP8i1xKvnxdJX+ZLpKfzxZ2b1kHrmk0G/ayux0L5ksKi4pTZv2yRSVYPFMm7DQf1qf4ChUixulxU/cmpx0ZXOn9UlWaU+mq7Qke2N+29QcVePOv3eBinPnDbephIf09XlI34agGGbYjmdyVLrNPY1d2wbe629LVzlnApS7E4WOFRcUD2WqSkOe9hLXWwj71CxVaai51PmjavUjNr1shjPC4cUqwV3mG6arnArDtI5KlTMjTksfNFcVnPdfvpbPKK1R3EI1t78u6JQcn21T+V6asoCCODX3a0984cKRyj5htTpqWGZN7nR9fS0+61L4sl5OY8VRkaXS9AMw7uULHHwdHDpOXItF3wn+NVRT4lbuXa1mJcUru92iLDa7sg9LU4tzjnpqoKChXK24Q1+2sQbyDo5CtWCwni9ptSrX43OftujlTlNZAc4SWqhURwuDNzOUq8az/sPmqoKMNH9xP5+ub5eRaoXfKduzDvbf7vXEGw/AxpCj0vRtnJbtjitQ03U5Ry7zb9aULxuplck+V+31m1/nCR0n7pTVKmeKu3aLVwsKPXmCiVu4RN+oAYJ9qm/t5BeOempMz04MHGoyU/T5pqjMM0opV45K16e96JrodI5Kv3O61u7M9he38Pf6ug9aoAqN03qnN3XwucOxFWqkXu70HD2ucIGKD7DNG0NjeoJafDRAeicJHdgd1ouUjM1MtwEUMW/UNDafNebxYs88Hpy1E7CRmlFIjUOhXDWUZ08nDjjxzoOkb6g1TuXhwF72AZBM8nBjoi+W4cnEA7CXwkPAkSIK9LTkO7SUVmNLYfXnK0i2GRM0SoqKtB8J8XoZfIm7Nk77sWcves4gVLF57jx2Alimk/YzPfqbQn26BOJv8M6v0ycObQn72HvAmNh56EBxgfCRrChYTAJAVQaTpm+myphHZ/PyVygBLE9nkTXV3WVjwf7QCnJe1jb1ptWZnDBO6IedXn79TsE4QUm59/944m/0/t+OhAfuxLJcFcR4A0WvJfPg2irARtp7C0gO0MUVsNvrKhvNW0LH0rHiAgyaRebCBACq1j7I+LcDqVdCkVZdknp/sjGR+MfTtdppex57jYluevbU+zP3UXTEmGigqpJKAOK56UZtZ2q91kXtXwu5Zfq+POBBeOKEHmvpSU9jIgBV7Jx7KzfN0TZYwsICMh/yUjG8i/7jBOUBF+BeroWegRfQKeh4cYH4l/LIfEj7nfdUCvP2G3NcgCC1kw9DR6EpX0TWJ4H2mIeiv6zXd14CCTcA9lsZqdfSmz7N883cxtx6h35g7txHiTERKDmoN1pGJuindC9qi1g5No5Rf9Cl/X0hBS8ZGhwJI/XtUMC+QAfwkX16s2iUtu6dFWOjtzmhbS7OcnzTTueoNHffojs0XpyVq9VJWlz8wqN+82y8mGrySrhGZT6iz7epnoGjK1SyvnzL07mN8Y0XjNhUWnaQnoPTOWrur1ervcausmAhwMWZOrxYvziyqOm5hvyO3OA9Aj43FOwqNeiNkKNqsd5r4r1+7tDYe3LHisYelc4YOo+4xo53H3GVqslM1aVLUau9u4m8hL/gFf+x1Y1SYk9VK/Z6C1ijynMXq2T3wWPs4/Tpf7Wr1JV7ffqBawpXe8SxpavcYP243iGQuK5KlfmQpwxZ7oPAUamyGnthUvXeDi1U5kz33ISwJasVX9f4L8srVDb2mthUWpZnG1RmpTVu/9TMpufR0aFTiau8u3sM4irXUU8/LBbtDtFDCcrmvtszbLEqDNqf6QmVBXPVSO/bveE2Ze9jb+xT1uJGqsWBuopO56rpN3jlA2XrY1d2r7tmQacNFAKKq5Q6vMKnjLY+ds96gkrO8KpNG2vopoPvmcp7W6Kw2ZXd+2z3M0//dWcNnU5cn5rNeAPCUa6ynkzwlQyU/ZHFqiDYqT9QqChQK6b4zwcsKuHJ1aqwqXk5KlXBsjSfW7w+5WhuM8HVhLgupdSxLJU+VD9tu4MlQaVnGZoArRI32La0qIQns/yeheiM4ZI/HdYmNNRSdbKKWsBis7fsiSwfaqk6oc0HLNjsTTxJFYDaqhNU1aJNe40tcPfSxXK2ihNnayHchv2alpSumTRuy3Zch3bAnOIKVzydojtMEFqKiCuYEhFXMCUirmBKRFzBlIi4gikRcQVTIuIKpkTEFUyJiCuYEhFXMCUirmBKLvlDNp1m7LA2pHGdmiBuZCoJfYyxbUftkTw2f9OT5J8lYLtUT3idLSJvbSbr90PCY+mkJ8Vdun1lfM6xOaFNnsc1jhTjFYKNq9CSUHO6XJWXlavK5ryJcJHBb3SeAOFCYzlcXPCM+5D8VrBXdto4GB52B1TKfwV5pekiQ01FuSovq1Q1Xs8Jd2BToYqVD09ic7D30S+SvJm96BXbi+n/15jSjoTbsPexBwy92rUqiiNuEICNuD6X5uXynctfZGcDWB5aTWFZOYU5uayY0h7LLmFlci96xY5iZakntgPFBarW8+A/rA86loLpeDyT8mPlAcNi94Ac7UI8c7+uofJ0OasfaNcjRKeEgu3a4/ep09KJt9uJfyDZ/63jdqTjxLVYtPbQXyaR/FrTY7J4U7U/gxfH3ESv2C50uboXvUZMYsknJfpbDMD+DKY9NY0lX2h/d66YxrSnppHh9cp77ZFNzBt3K7369SQksie9+t3KpOU7qWrw5IEqdr42nptuGk/GIe/4i0Qv37QFmzlRW8KmWWO4qV9PunTtxU1jXmTT93q+2p2sfGoa056ax2Z3nBe1O5Zo85m7iROcYPOrz/LinGd91pOGKnYun8aYm3rRq2sIXWL1ZRwxjPgTsEwvEvBF/P0ZTHvqRTL1V9v9tm9zl6kTaH+u3KFVZSc+ecVrWSVkzp3GtKdeYfOJjmzjttfYYY3vcQVuYx5dGXwePuNxeY01xtQg78f5rVPT+ZR3+ewJKsH4Oj4obNNVgUP5vE7v9yq61+B3WprnlfPGtvT5XDU90Pi3oMCm0nO83uL1KtPIxmkCvAfnndcQ0rJbuMwL7M+EhYVeQwJ4h3i1+HBHvyzpKFDTG18H94zJGlDcXXP1V7BtKjWjUG+o16jybM+r2amZNUqdr1TlZeUqc4Ie91+Gi7Rdc1X8oHSVVejZiJWfz9Ultau5u9xlPapWP2BXYPfb4MbQuE76G8OBwqyten6vHR83NatxaNDKre718BoSNFcfubH/XN8B8BpfkHS/ph5AXFelynzErlIW5qpy97p7D6P6UKZnhEuvMtnumKWyvtYvhgKsq7Z9C9TcQYG2bwuW6bU/kxcWNL7qX/n5YpU8SB9c+oz3suLV3ALPRVrHiutSShV6ajb3eLCBxHVPF2gQi8bxXr2GBXXnD3g17/cWa03jWAYB818gtKhXwS2J32iMAeRrHADEd3AQ9/p6tkWAaV2B1lMTxm7YtsHLFCwEWZ6r+ctsan8GXpZW07rjO66N6+ZSjR3m5uRm5iX3IiQ0RAuRvRj/2j5q2uKCeEIm5WXlAcNK48VZuN7Gb4rwZKa/FAfUkvFnvcXZkMfK10qAOGY97b8tPNRStHYSN0Xq6xkaQpdbp7GpskuQMceaWaYmae4ym96fzaHjxb1UY4eBNpzpiAd5ZccJGJTOiveyyMqcR9xfUpm21pi3FVhs2O32gKG1r9DHPzmLkUDtqpWsPwu1G1eysha4YxbPDjbm9lC7YRI3pa+nqMFOysuZZL2XRcbjNcwbN+8Cw5O2nku5zE4hLthI+68c0mwA+1i/wbiaXbD9RPu175D/Lara3XnahrHH6aMqBuHIZjaVAqSSuWs10yekkjphOos/L2L1A8bMnYQ+6Tz7CMAmVrxTxKY/bwIgeep4/6/0eJG3RcsX93IeOf+aRuqEVNJeyqQwb1aT010MzV9m0/uzOXQScbUBjzMy04OMzWpn0rRUAIr++VkyvLuHqjaTPn0zAHFPTtLG2vVOPhuoG8ZiqAFt9Ayw4KodK3nxnzMo6tCOZgtpz07HAux840HmfQCQSvrjzdPPcpWhqrcFG5607bjwMr3255zxLPHubqwtYuVrmwxdkwCVVHrvB//G8IVDm16cGUJbjR2WM1WPt41UaY+PVOmZNb4fBnlkhdp7tFyVH92rsl5ObhzsrfFio8wzQJ5lRoFfOQOuUxPB7+LM73Z2Exc8XuUm4AWN/7SNgwSSoKbnFKrysnJVmLtCpbvHPgt0ceZXpmDBf3ktXqZhf8Ylpfl8+cf+dK7eA3HUMyTXDSkq/aEUtWBXZ+hVMIa2GjuscLHPvXTLDH1nH8tUaYZvgsX/Oketflz77bmi93TVJSzxH9rUO7S/uF4fFTF8cSf4tJWq4OWRvtvKnqJWvKd/46EdxG3RMl1N7c8VqtDrGRPfz3ShRq4sv8zHDnPnCzDuVu3JE1Q1XGD62ipOnLX4TWsqaqs4UdWOY48FoqXLbM7+dM/TYsNus1z6xxoFoS3oPBdngtACRFzBlIi4gikRcQVTIuIKpkTEFUyJiCuYEhFXMCUirmBKRFzBlIi4gikRcQVTIuIKpkTEFUyJiCuYEhFXMCUirmBKRFzBlIi4gikRcQVTIuIKpkTEFUyJiCuYEhFXMCUirmBKRFzBlIi4gikRcQVTIuIKpkTEFUyJiCuYEhFXMCUirmBKRFzBlIi4gikRcQVTIuIKpkTEFUyJiCuYEhFXMCUirmBKRFzBlIi4gikRcQVTIuIKpkTEFUyJiCuYEhFXMCUirmBK/j9xKmTnuo4RuAAAAABJRU5ErkJggg==\" alt=\"\"><img src=\"0\"></p>','2025-11-27 16:40:47',1),(123,82,158,'N° de CP: CP01<br>\r\nFecha de Recepción de mercancía: 27-11-2025','2025-11-27 16:42:25',1),(124,82,147,'N° de CP: CP01<br>\r\nFecha de Recepción de mercancía: 27-11-2025<br>\r\nRevisado ok:','2025-11-27 16:43:54',1),(125,82,122,'<p>N° de CP:</p><p>Cp cerrada</p>','2025-11-27 16:45:02',1),(126,82,115,'<table border=\"0\" cellpadding=\"0\" cellspacing=\"0\" width=\"250\" style=\"width: 187pt;\"><tbody><tr height=\"134\" style=\"height: 100.8pt;\"><td height=\"134\" class=\"xl66\" width=\"250\" style=\"height: 100.8pt; width: 187pt;\">Tipo documento: 1111<br>Valor:<br>Doc Cruce:<br>Nit:<br>Modelo:<br>Detalle:</td></tr></tbody></table>','2025-11-27 16:47:46',1),(127,82,114,'<p>Reintegro realizado</p>','2025-11-27 16:49:13',1),(128,81,158,'<p>firmado</p>','2025-11-28 17:01:10',1),(129,81,170,'firmado','2025-11-28 17:24:02',1),(130,81,170,'Nota: Revisar pendientes y autorizar paz y salvo00','2025-11-28 17:25:04',1),(131,83,170,'<p>Adjunto carta</p>','2025-11-28 17:33:09',1),(132,83,158,'<p>firmado</p>','2025-11-28 17:33:43',1),(133,83,170,'Nota: Revisar pendientes y autorizar paz y salvoads','2025-11-28 17:37:40',1),(134,84,170,'<p>adjunto</p>','2025-11-28 17:48:02',1),(135,84,170,'<p>adjunto</p>','2025-11-28 17:50:05',1),(136,84,170,'<p>firmado</p>','2025-11-28 17:52:17',1),(137,84,170,'<p>firmado</p>','2025-11-28 17:52:24',1),(138,84,170,'<p>firmado</p>','2025-11-28 17:53:12',1),(139,84,170,'<p>adjunto</p>','2025-11-28 17:55:27',1),(140,84,158,'<p>Nota: Revisar pendientes y autorizar paz y salvoa</p>','2025-11-28 17:55:56',1),(141,84,170,'Nota: Revisar penddentes y autorizar paz y salvo','2025-11-28 17:56:34',1),(142,85,170,'<p>enviado</p>','2025-11-29 08:36:50',1),(143,85,158,'<p>Nota: Revisar pendientes y autorizar paz y salvo&nbsp;</p>','2025-11-29 08:37:29',1),(144,1096,170,'<p>ff</p>','2025-11-29 09:03:22',1),(145,1096,158,'<p>Nota: Revisar pendientes y autorizar paz y salvod</p>','2025-11-29 09:03:54',1),(146,1097,170,'<p>cc</p>','2025-11-29 09:06:50',1),(147,1097,158,'<p>Nota: Revisar pendientes y autorizar paz y salcvo</p>','2025-11-29 09:07:19',1),(148,1097,170,'Nota: Revisar pendientes y aut1orizar paz y salvo','2025-11-29 09:14:19',1),(149,1097,113,'Nota: Revisar pendientes dy autorizar paz y salvo','2025-11-29 09:16:20',1),(150,1099,113,'<p>d</p>','2025-12-02 10:39:28',1),(151,1099,170,'Nota: Revisar pendiencctes y autorizar paz y salvo','2025-12-02 10:39:58',1),(152,1099,113,'Nota: Revisar pendientes y autorizar paz y salvoc','2025-12-02 10:40:46',1),(153,1100,170,'<p>ss</p>','2025-12-02 10:42:35',1),(154,1100,158,'<p>Nota: Revisar pendientes y autorssizar paz y salvo</p>','2025-12-02 10:43:03',1),(155,1100,170,'Nota: Revisar ccpendientes y autorizar paz y salvo','2025-12-02 10:43:30',1),(156,1100,170,'Nota: Revisar pendientes y autorizar ccpaz y salvo','2025-12-02 10:44:22',1),(157,1100,184,'Nota: Revisar pendientes y autorizar paz y safflvo','2025-12-02 11:01:08',1),(158,1100,113,'<p>Nota: Revisar pendientes y autoriza3</p><p>r paz y salvo</p>','2025-12-02 11:04:17',1),(159,1099,184,'Nota: Revisar pendientes y autorizar paz y salvojj','2025-12-02 11:08:53',1),(160,1100,183,'Nota: Revisar pendientes y autorizar paz y salvo989p','2025-12-02 11:11:42',1),(161,1097,183,'Nota: Revisar pendientes y autorizar paz y salvohfgh','2025-12-02 11:12:26',1),(162,1099,183,'Nota: Revisar pendien66tes y autorizar paz y salvo','2025-12-02 11:17:34',1),(163,1099,183,'Nota: Revisar pendien66t120es y autorizar paz y salvo','2025-12-02 11:18:25',1),(164,1101,113,'<p>SS</p>','2025-12-02 11:37:55',1),(165,1101,170,'Nota: RevisDDar pendientes y autorizar paz y salvo','2025-12-02 11:40:47',1),(166,1101,113,'Nota: Revisar pendientes y autorizIIar paz y salvo','2025-12-02 11:41:42',1),(167,1101,184,'Nota: Revisar pendienWWtes y autorizar paz y salvo','2025-12-02 11:44:36',1),(168,81,113,'firmado','2025-12-03 08:59:35',1),(169,84,113,'firmad','2025-12-03 08:59:52',1),(170,1102,170,'<p>sdssd</p>','2025-12-03 09:01:51',1),(171,1102,148,'firmado','2025-12-03 09:02:54',1),(172,1102,113,'firmado','2025-12-03 09:03:43',1),(173,1102,170,'firmado','2025-12-03 09:05:33',1);
/*!40000 ALTER TABLE `td_ticketdetalle` ENABLE KEYS */;

--
-- Table structure for table `th_ticket_asignacion`
--

DROP TABLE IF EXISTS `th_ticket_asignacion`;
/*!40101 SET @saved_cs_client     = @@character_set_client */;
/*!50503 SET character_set_client = utf8mb4 */;
CREATE TABLE `th_ticket_asignacion` (
  `th_id` int NOT NULL AUTO_INCREMENT,
  `tick_id` int NOT NULL,
  `usu_asig` int NOT NULL COMMENT 'El nuevo usuario asignado',
  `how_asig` int DEFAULT NULL COMMENT 'El usuario que realiza la asignación',
  `error_code_id` int DEFAULT NULL,
  `error_descrip` varchar(255) DEFAULT NULL,
  `paso_id` int DEFAULT NULL,
  `fech_asig` datetime NOT NULL,
  `asig_comentario` text COMMENT 'Comentario opcional sobre la reasignación',
  `estado_tiempo_paso` varchar(20) DEFAULT NULL,
  `est` int NOT NULL DEFAULT '1',
  PRIMARY KEY (`th_id`),
  KEY `idx_tick_id` (`tick_id`)
) ENGINE=InnoDB AUTO_INCREMENT=185 DEFAULT CHARSET=utf8mb4 COLLATE=utf8mb4_0900_ai_ci COMMENT='Historial de asignaciones de tickets';
/*!40101 SET character_set_client = @saved_cs_client */;

--
-- Dumping data for table `th_ticket_asignacion`
--

/*!40000 ALTER TABLE `th_ticket_asignacion` DISABLE KEYS */;
INSERT INTO `th_ticket_asignacion` VALUES (136,71,117,128,NULL,NULL,636,'2025-11-20 13:57:03','Ticket abierto',NULL,1),(137,72,115,114,NULL,NULL,635,'2025-11-20 16:55:26','Ticket abierto',NULL,1),(138,73,115,130,NULL,NULL,637,'2025-11-21 12:29:50','Ticket abierto',NULL,1),(139,74,125,NULL,NULL,NULL,640,'2025-11-21 13:38:44','Ticket abierto',NULL,1),(140,75,125,132,NULL,NULL,648,'2025-11-21 13:44:32','Ticket abierto',NULL,1),(141,76,116,129,NULL,NULL,640,'2025-11-21 16:57:12','Ticket abierto',NULL,1),(142,77,181,174,NULL,NULL,640,'2025-11-24 16:50:03','Ticket abierto',NULL,1),(143,78,124,171,NULL,NULL,639,'2025-11-25 18:04:15',' Ticket creado',NULL,1),(145,80,170,182,NULL,NULL,718,'2025-11-27 14:58:55',' Ticket creado',NULL,1),(146,81,170,182,NULL,NULL,718,'2025-11-27 15:03:58',' Ticket creado','A Tiempo',1),(147,81,158,170,NULL,NULL,719,'2025-11-27 15:50:07','Ticket trasladado','Atrasado',1),(148,82,146,126,NULL,NULL,650,'2025-11-27 16:23:23',' Ticket creado','A Tiempo',1),(149,82,115,146,NULL,NULL,651,'2025-11-27 16:29:13','Ticket trasladado','A Tiempo',1),(150,82,114,115,NULL,NULL,652,'2025-11-27 16:36:46','Ticket trasladado','A Tiempo',1),(151,82,126,114,NULL,NULL,653,'2025-11-27 16:38:07','Ticket trasladado','A Tiempo',1),(152,82,158,126,NULL,NULL,654,'2025-11-27 16:40:47','Ticket trasladado','A Tiempo',1),(153,82,147,158,NULL,NULL,655,'2025-11-27 16:42:25','Ticket trasladado','A Tiempo',1),(154,82,122,147,NULL,NULL,656,'2025-11-27 16:43:54','Ticket trasladado','A Tiempo',1),(155,82,115,122,NULL,NULL,657,'2025-11-27 16:45:02','Ticket trasladado','A Tiempo',1),(156,82,114,115,NULL,NULL,713,'2025-11-27 16:47:46','Ticket trasladado','A Tiempo',1),(157,81,170,158,NULL,NULL,720,'2025-11-28 17:01:10','Ticket trasladado','Atrasado',1),(158,83,170,182,NULL,NULL,718,'2025-11-28 17:32:19',' Ticket creado','A Tiempo',1),(159,83,158,170,NULL,NULL,719,'2025-11-28 17:33:09','Ticket trasladado','A Tiempo',1),(160,83,170,158,NULL,NULL,720,'2025-11-28 17:33:43','Ticket trasladado','A Tiempo',1),(161,84,170,182,NULL,NULL,718,'2025-11-28 17:47:27',' Ticket creado','A Tiempo',1),(162,84,158,170,NULL,NULL,719,'2025-11-28 17:55:27','Ticket trasladado','A Tiempo',1),(163,84,170,158,NULL,NULL,720,'2025-11-28 17:55:56','Ticket trasladado','A Tiempo',1),(164,85,170,182,NULL,NULL,718,'2025-11-29 08:36:03',' Ticket creado','A Tiempo',1),(165,85,158,170,NULL,NULL,719,'2025-11-29 08:36:50','Ticket trasladado','A Tiempo',1),(166,85,170,158,NULL,NULL,720,'2025-11-29 08:37:29','Ticket trasladado',NULL,1),(167,1096,170,182,NULL,NULL,718,'2025-11-29 09:02:53',' Ticket creado','A Tiempo',1),(168,1096,158,170,NULL,NULL,719,'2025-11-29 09:03:22','Ticket trasladado','A Tiempo',1),(169,1096,170,158,NULL,NULL,720,'2025-11-29 09:03:54','Ticket trasladado',NULL,1),(170,1097,170,182,NULL,NULL,718,'2025-11-29 09:06:17',' Ticket creado','A Tiempo',1),(171,1097,158,170,NULL,NULL,719,'2025-11-29 09:06:50','Ticket trasladado','A Tiempo',1),(172,1097,170,158,NULL,NULL,720,'2025-11-29 09:07:19','Ticket trasladado','A Tiempo',1),(173,1098,170,182,NULL,NULL,718,'2025-11-29 10:42:10',' Ticket creado',NULL,1),(174,1099,113,182,NULL,NULL,718,'2025-12-02 10:36:34',' Ticket creado','A Tiempo',1),(175,1099,170,113,NULL,NULL,720,'2025-12-02 10:39:28','Ticket trasladado','A Tiempo',1),(176,1100,170,182,NULL,NULL,718,'2025-12-02 10:41:55',' Ticket creado','A Tiempo',1),(177,1100,158,170,NULL,NULL,719,'2025-12-02 10:42:35','Ticket trasladado','A Tiempo',1),(178,1100,170,158,NULL,NULL,720,'2025-12-02 10:43:03','Ticket trasladado','A Tiempo',1),(179,1100,115,183,NULL,NULL,725,'2025-12-02 11:11:43','Ticket trasladado',NULL,1),(180,1101,113,182,NULL,NULL,718,'2025-12-02 11:37:29',' Ticket creado','A Tiempo',1),(181,1101,170,113,NULL,NULL,720,'2025-12-02 11:37:55','Ticket trasladado','A Tiempo',1),(182,81,115,113,NULL,NULL,725,'2025-12-03 08:59:35','Ticket trasladado',NULL,1),(183,1102,170,182,NULL,NULL,718,'2025-12-03 09:01:02',' Ticket creado','A Tiempo',1),(184,1102,148,170,NULL,NULL,720,'2025-12-03 09:01:51','Ticket trasladado','A Tiempo',1);
/*!40000 ALTER TABLE `th_ticket_asignacion` ENABLE KEYS */;

--
-- Table structure for table `th_ticket_novedad`
--

DROP TABLE IF EXISTS `th_ticket_novedad`;
/*!40101 SET @saved_cs_client     = @@character_set_client */;
/*!50503 SET character_set_client = utf8mb4 */;
CREATE TABLE `th_ticket_novedad` (
  `novedad_id` int NOT NULL AUTO_INCREMENT,
  `tick_id` int NOT NULL,
  `paso_id_pausado` int NOT NULL,
  `usu_asig_novedad` int NOT NULL,
  `usu_crea_novedad` int NOT NULL,
  `descripcion_novedad` text NOT NULL,
  `fecha_inicio` datetime NOT NULL,
  `fecha_fin` datetime DEFAULT NULL,
  `estado_novedad` enum('Abierta','Resuelta') NOT NULL DEFAULT 'Abierta',
  PRIMARY KEY (`novedad_id`),
  KEY `tick_id` (`tick_id`),
  CONSTRAINT `th_ticket_novedad_ibfk_1` FOREIGN KEY (`tick_id`) REFERENCES `tm_ticket` (`tick_id`)
) ENGINE=InnoDB DEFAULT CHARSET=utf8mb4 COLLATE=utf8mb4_0900_ai_ci;
/*!40101 SET character_set_client = @saved_cs_client */;

--
-- Dumping data for table `th_ticket_novedad`
--

/*!40000 ALTER TABLE `th_ticket_novedad` DISABLE KEYS */;
/*!40000 ALTER TABLE `th_ticket_novedad` ENABLE KEYS */;

--
-- Table structure for table `tm_campo_plantilla`
--

DROP TABLE IF EXISTS `tm_campo_plantilla`;
/*!40101 SET @saved_cs_client     = @@character_set_client */;
/*!50503 SET character_set_client = utf8mb4 */;
CREATE TABLE `tm_campo_plantilla` (
  `campo_id` int NOT NULL AUTO_INCREMENT,
  `paso_id` int NOT NULL,
  `campo_nombre` varchar(255) NOT NULL,
  `campo_codigo` varchar(100) NOT NULL,
  `campo_tipo` varchar(50) DEFAULT 'text',
  `coord_x` decimal(10,2) NOT NULL,
  `coord_y` decimal(10,2) NOT NULL,
  `pagina` int DEFAULT '1',
  `est` int DEFAULT '1',
  `fech_crea` datetime DEFAULT CURRENT_TIMESTAMP,
  PRIMARY KEY (`campo_id`)
) ENGINE=InnoDB AUTO_INCREMENT=28 DEFAULT CHARSET=utf8mb4 COLLATE=utf8mb4_0900_ai_ci;
/*!40101 SET character_set_client = @saved_cs_client */;

--
-- Dumping data for table `tm_campo_plantilla`
--

/*!40000 ALTER TABLE `tm_campo_plantilla` DISABLE KEYS */;
INSERT INTO `tm_campo_plantilla` VALUES (1,718,'Fecha','Fecha','text',49.27,41.50,1,0,'2025-11-27 14:38:36'),(2,718,'Regional','Regional','regional',49.27,49.00,1,0,'2025-11-27 14:38:36'),(3,718,'Nombres','Nombre','text',136.31,63.91,1,0,'2025-11-27 14:38:36'),(4,718,'Apellidos','Apellido','text',25.12,71.38,1,0,'2025-11-27 14:38:36'),(5,718,'Cedula','Cedula','text',144.02,71.10,1,0,'2025-11-27 14:38:36'),(6,718,'Municipio','Expedicion C.C.','text',26.16,78.55,1,0,'2025-11-27 14:38:36'),(7,718,'Fecha','Fecha','text',49.27,41.50,1,0,'2025-11-27 14:39:49'),(8,718,'Regional','Regional','regional',49.27,49.00,1,0,'2025-11-27 14:39:49'),(9,718,'Nombres','Nombre','text',136.31,63.91,1,0,'2025-11-27 14:39:49'),(10,718,'Apellidos','Apellido','text',25.12,71.38,1,0,'2025-11-27 14:39:49'),(11,718,'Cedula','Cedula','text',144.02,71.10,1,0,'2025-11-27 14:39:49'),(12,718,'Municipio','Expedicion C.C.','text',26.16,78.55,1,0,'2025-11-27 14:39:49'),(13,718,'Cargo','Cargo','cargo',26.00,86.00,1,0,'2025-11-27 14:39:49'),(14,718,'Fecha','Fecha','text',49.27,40.50,1,0,'2025-11-27 15:02:35'),(15,718,'Regional','Regional','regional',49.27,49.00,1,0,'2025-11-27 15:02:35'),(16,718,'Nombres','Nombre','text',139.30,63.90,1,0,'2025-11-27 15:02:35'),(17,718,'Apellidos','Apellido','text',25.12,71.38,1,0,'2025-11-27 15:02:35'),(18,718,'Cedula','Cedula','text',147.02,71.12,1,0,'2025-11-27 15:02:35'),(19,718,'Municipio','Expedicion C.C.','text',26.16,78.55,1,0,'2025-11-27 15:02:35'),(20,718,'Cargo','Cargo','cargo',26.00,87.00,1,0,'2025-11-27 15:02:35'),(21,718,'Fecha','Fecha','text',49.27,40.50,1,1,'2025-11-27 15:09:12'),(22,718,'Regional','Regional','regional',49.27,49.00,1,1,'2025-11-27 15:09:12'),(23,718,'Nombres','Nombre','text',139.30,63.90,1,1,'2025-11-27 15:09:12'),(24,718,'Apellidos','Apellido','text',25.12,71.40,1,1,'2025-11-27 15:09:12'),(25,718,'Cedula','Cedula','text',150.02,71.40,1,1,'2025-11-27 15:09:12'),(26,718,'Municipio','Expedicion C.C.','text',26.16,78.80,1,1,'2025-11-27 15:09:12'),(27,718,'Cargo','Cargo','cargo',26.00,87.00,1,1,'2025-11-27 15:09:12');
/*!40000 ALTER TABLE `tm_campo_plantilla` ENABLE KEYS */;

--
-- Table structure for table `tm_cargo`
--

DROP TABLE IF EXISTS `tm_cargo`;
/*!40101 SET @saved_cs_client     = @@character_set_client */;
/*!50503 SET character_set_client = utf8mb4 */;
CREATE TABLE `tm_cargo` (
  `car_id` int NOT NULL AUTO_INCREMENT,
  `car_nom` varchar(150) NOT NULL,
  `est` int NOT NULL DEFAULT '1',
  PRIMARY KEY (`car_id`)
) ENGINE=InnoDB AUTO_INCREMENT=208 DEFAULT CHARSET=utf8mb4 COLLATE=utf8mb4_0900_ai_ci;
/*!40101 SET character_set_client = @saved_cs_client */;

--
-- Dumping data for table `tm_cargo`
--

/*!40000 ALTER TABLE `tm_cargo` DISABLE KEYS */;
INSERT INTO `tm_cargo` VALUES (153,'ANALISTA CONTABLE',1),(154,'ANALISTA DE AUDITORIA',1),(155,'ANALISTA DE CREDITO',1),(156,'ANALISTA DE CREDITO Y CARTERA',1),(157,'ANALISTA DE NOMINA',1),(158,'ANALISTA TALENTO HUMANO',1),(159,'ASESOR COMERCIAL EXTERNO',1),(160,'ASESOR COMERCIAL INTERNO',1),(161,'ASESOR COMERCIAL INTERNO QUINCENAL',1),(162,'ASISTENTE ADMINISTRATIVO',1),(163,'AUXILIAR DE BODEGA',1),(164,'AUXILIAR DE CREDITO Y CARTERA',1),(165,'AUXILIAR DE FACTURACION',1),(166,'AUXILIAR DE NOMINA',1),(167,'AUXILIAR DE SERVICIO AL CLIENTE',1),(168,'AUXILIAR DE SERVICIO AL CLIENTE Y BODEGA',1),(169,'AUXILIAR GESTION DOCUMENTAL',1),(170,'AUXILIAR SERVICIOS GENERALES',1),(171,'AUXILIAR SST',1),(172,'CAJERO',1),(173,'CAJERO / ADMINISTRADOR',1),(174,'COBRADOR',1),(175,'COBRADOR CALL CENTER',1),(176,'CONDUCTOR',1),(177,'COORDINADOR COMERCIAL ZONA NORTE',1),(178,'COORDINADOR DE ATENCION AL CLIENTE CAC',1),(179,'COORDINADOR DE COMPRAS',1),(180,'COORDINADOR DE CREDITO Y CARTERA',1),(181,'COORDINADOR DE INVENTARIOS',1),(182,'COORDINADOR DE SISTEMAS',1),(183,'DIRECTOR DE AUDITORIA INTERNA',1),(184,'DIRECTOR DE TALENTO HUMANO',1),(185,'DIRECTOR FINANCIERO',1),(186,'GERENTE COMERCIAL',1),(187,'GERENTE DE GESTION HUMANA',1),(188,'GERENTE DE SISTEMA INTEGRADO DE CALIDAD (SIC)',1),(189,'GERENTE GENERAL',1),(190,'GESTOR DE CARTERA',1),(191,'JEFE DE BODEGA',1),(192,'JEFE DE VENTAS',1),(193,'LIDER DE ZONA',1),(194,'MAYORDOMO',1),(195,'PASANTE SENA ETAPA PRODUCTIVA',1),(196,'PSICOLOGO ORGANIZACIONAL',1),(197,'SECRETARIA',1),(198,'SUPERNUMERARIO',1),(199,'TESORERO (A)',1),(200,'GERENTE DE FINANSUEÑOS',1),(201,'ASISTENTE ADMINISTRATIVO GERENCIAL',1),(202,'ANALISTA OPERATIVO',1),(203,'ANALISTA CONTABLE DEVOLUCIONES',1),(204,'ANALISTA CONTABLE CONFIRMACIONES',1),(205,'ANALISTA TIC',1),(206,'ANALISTA CONTABLE CONVENIOS',1),(207,'ANALISTA CONTABLE FINANSUEÑOS',1);
/*!40000 ALTER TABLE `tm_cargo` ENABLE KEYS */;

--
-- Table structure for table `tm_categoria`
--

DROP TABLE IF EXISTS `tm_categoria`;
/*!40101 SET @saved_cs_client     = @@character_set_client */;
/*!50503 SET character_set_client = utf8mb4 */;
CREATE TABLE `tm_categoria` (
  `cat_id` int NOT NULL AUTO_INCREMENT,
  `cat_nom` varchar(150) CHARACTER SET utf8mb3 COLLATE utf8mb3_spanish_ci NOT NULL,
  `est` int NOT NULL,
  PRIMARY KEY (`cat_id`)
) ENGINE=InnoDB AUTO_INCREMENT=90 DEFAULT CHARSET=utf8mb3 COLLATE=utf8mb3_spanish_ci;
/*!40101 SET character_set_client = @saved_cs_client */;

--
-- Dumping data for table `tm_categoria`
--

/*!40000 ALTER TABLE `tm_categoria` DISABLE KEYS */;
INSERT INTO `tm_categoria` VALUES (75,'Gestión de documentos',1),(76,'Gestión de anticipos',1),(77,'Gestión de legalizaciones',1),(78,'Procesos de caja',1),(79,'Compra de Mercancía Local',1),(80,'Convenios y confirmaciones',1),(81,'Ajustes de recaudo',1),(82,'Procesos de facturación',1),(83,'Gestión de pagos',1),(84,'Devoluciones',1),(85,'Gestión de compras',1),(86,'Arqueo de caja',1),(87,'Procesos de Crédito',1),(88,'Gastos',1),(89,'Personal',1);
/*!40000 ALTER TABLE `tm_categoria` ENABLE KEYS */;

--
-- Table structure for table `tm_departamento`
--

DROP TABLE IF EXISTS `tm_departamento`;
/*!40101 SET @saved_cs_client     = @@character_set_client */;
/*!50503 SET character_set_client = utf8mb4 */;
CREATE TABLE `tm_departamento` (
  `dp_id` int NOT NULL AUTO_INCREMENT COMMENT 'Primary Key',
  `dp_nom` varchar(100) DEFAULT NULL,
  `fech_crea` datetime DEFAULT NULL,
  `fech_modi` datetime DEFAULT NULL,
  `fech_elim` datetime DEFAULT NULL,
  `est` int DEFAULT NULL,
  PRIMARY KEY (`dp_id`)
) ENGINE=InnoDB AUTO_INCREMENT=18 DEFAULT CHARSET=utf8mb4 COLLATE=utf8mb4_0900_ai_ci;
/*!40101 SET character_set_client = @saved_cs_client */;

--
-- Dumping data for table `tm_departamento`
--

/*!40000 ALTER TABLE `tm_departamento` DISABLE KEYS */;
INSERT INTO `tm_departamento` VALUES (10,'FINANCIERA','2025-07-02 17:52:23',NULL,NULL,1),(11,'SISTEMAS','2025-07-02 17:52:23',NULL,NULL,1),(12,'AUDITORIA','2025-07-02 17:52:23',NULL,NULL,1),(13,'SERVICIO AL CLIENTE',NULL,NULL,NULL,1),(14,'CARTERA',NULL,NULL,NULL,1),(15,'COMERCIAL',NULL,NULL,NULL,1),(16,'ADMINISTRATIVO',NULL,NULL,NULL,1),(17,'TALENTO HUMANO',NULL,NULL,NULL,1);
/*!40000 ALTER TABLE `tm_departamento` ENABLE KEYS */;

--
-- Table structure for table `tm_documento_flujo`
--

DROP TABLE IF EXISTS `tm_documento_flujo`;
/*!40101 SET @saved_cs_client     = @@character_set_client */;
/*!50503 SET character_set_client = utf8mb4 */;
CREATE TABLE `tm_documento_flujo` (
  `doc_flujo_id` int NOT NULL AUTO_INCREMENT,
  `tick_id` int NOT NULL,
  `flujo_id` int DEFAULT NULL,
  `paso_id` int DEFAULT NULL,
  `usu_id` int DEFAULT NULL,
  `doc_nom` varchar(255) NOT NULL,
  `fech_crea` datetime DEFAULT CURRENT_TIMESTAMP,
  `est` int DEFAULT '1',
  PRIMARY KEY (`doc_flujo_id`)
) ENGINE=InnoDB AUTO_INCREMENT=33 DEFAULT CHARSET=utf8mb4 COLLATE=utf8mb4_0900_ai_ci;
/*!40101 SET character_set_client = @saved_cs_client */;

--
-- Dumping data for table `tm_documento_flujo`
--

/*!40000 ALTER TABLE `tm_documento_flujo` DISABLE KEYS */;
INSERT INTO `tm_documento_flujo` VALUES (1,80,202,718,182,'initial_6928ad7faae5e6.45082614.pdf','2025-11-27 14:58:55',1),(2,81,202,718,182,'initial_6928aeae5dc3f5.77425077.pdf','2025-11-27 15:03:58',1),(3,81,202,721,170,'signed_692a2140ed37b5.07836976.pdf','2025-11-28 17:25:05',1),(4,83,202,718,182,'initial_692a22f37a8f29.76852526.pdf','2025-11-28 17:32:19',1),(5,84,202,718,182,'initial_692a267facdb09.42645301.pdf','2025-11-28 17:47:27',1),(6,85,202,718,182,'initial_692af6c389da39.65789451.pdf','2025-11-29 08:36:03',1),(7,1097,202,718,182,'initial_692afdda0485a6.20682195.pdf','2025-11-29 09:06:18',1),(8,1097,202,720,170,'signed_692affbb6f2ca8.62167136.pdf','2025-11-29 09:14:19',1),(9,1097,202,721,113,'signed_692b00344a06f0.84600062.pdf','2025-11-29 09:16:20',1),(10,1098,202,718,182,'initial_692b14527ed720.92921275.pdf','2025-11-29 10:42:10',1),(11,1099,202,718,182,'initial_692f07824c0cb5.45507224.pdf','2025-12-02 10:36:34',1),(12,1099,202,720,170,'signed_692f084e7b9315.53501440.pdf','2025-12-02 10:39:58',1),(13,1099,202,721,113,'signed_692f087f056b02.57059116.pdf','2025-12-02 10:40:47',1),(14,1100,202,718,182,'initial_692f08c3a54303.39601469.pdf','2025-12-02 10:41:55',1),(15,1100,202,719,158,'signed_692f09075352d8.44951207.pdf','2025-12-02 10:43:03',1),(16,1100,202,720,170,'signed_692f09227657e8.21458335.pdf','2025-12-02 10:43:30',1),(17,1100,202,721,170,'signed_692f09563aaf73.26038152.pdf','2025-12-02 10:44:22',1),(18,1100,202,721,184,'signed_692f0d44844d10.60185522.pdf','2025-12-02 11:01:08',1),(19,1100,202,721,113,'signed_692f0e013aa510.57517909.pdf','2025-12-02 11:04:17',1),(20,1099,202,721,184,'signed_692f0f15673d45.24424337.pdf','2025-12-02 11:08:53',1),(21,1100,202,721,183,'signed_692f0fbee09110.49200904.pdf','2025-12-02 11:11:42',1),(22,1097,202,721,183,'signed_692f0fea1dc782.23781111.pdf','2025-12-02 11:12:26',1),(23,1099,202,721,183,'signed_692f111ecf4f94.95721102.pdf','2025-12-02 11:17:34',1),(24,1099,202,721,183,'signed_692f11514dc8a8.77096349.pdf','2025-12-02 11:18:25',1),(25,1101,202,718,182,'initial_692f15c9caca21.08716407.pdf','2025-12-02 11:37:29',1),(26,1101,202,720,170,'signed_692f168f7c5e52.49783802.pdf','2025-12-02 11:40:47',1),(27,1101,202,721,113,'signed_692f16c6624e22.29082258.pdf','2025-12-02 11:41:42',1),(28,1101,202,721,184,'signed_692f1774e27028.42812260.pdf','2025-12-02 11:44:36',1),(29,1102,202,718,182,'initial_6930429e4cfdc1.92673554.pdf','2025-12-03 09:01:02',1),(30,1102,202,720,148,'signed_6930430e31fa11.51537670.pdf','2025-12-03 09:02:54',1),(31,1102,202,721,113,'signed_6930433f4caed3.16362228.pdf','2025-12-03 09:03:43',1),(32,1102,202,721,170,'signed_693043ad6b3298.65450372.pdf','2025-12-03 09:05:33',1);
/*!40000 ALTER TABLE `tm_documento_flujo` ENABLE KEYS */;

--
-- Table structure for table `tm_fast_answer`
--

DROP TABLE IF EXISTS `tm_fast_answer`;
/*!40101 SET @saved_cs_client     = @@character_set_client */;
/*!50503 SET character_set_client = utf8mb4 */;
CREATE TABLE `tm_fast_answer` (
  `answer_id` int NOT NULL AUTO_INCREMENT COMMENT 'Primary Key',
  `answer_nom` varchar(255) DEFAULT NULL,
  `answer_descrip` varchar(255) DEFAULT NULL,
  `es_error_proceso` tinyint(1) DEFAULT NULL,
  `fech_crea` datetime DEFAULT NULL,
  `fech_modi` datetime DEFAULT NULL,
  `fech_elim` datetime DEFAULT NULL,
  `est` int DEFAULT NULL,
  PRIMARY KEY (`answer_id`)
) ENGINE=InnoDB AUTO_INCREMENT=25 DEFAULT CHARSET=utf8mb4 COLLATE=utf8mb4_0900_ai_ci;
/*!40101 SET character_set_client = @saved_cs_client */;

--
-- Dumping data for table `tm_fast_answer`
--

/*!40000 ALTER TABLE `tm_fast_answer` DISABLE KEYS */;
INSERT INTO `tm_fast_answer` VALUES (22,'Error de informacion ',NULL,0,'2025-07-02 20:01:44',NULL,NULL,1),(23,'Error de proceso',NULL,1,'2025-07-02 20:02:00','2025-09-05 17:02:19',NULL,1),(24,'Cierre forzoso',NULL,0,'2025-09-05 17:02:13',NULL,NULL,1);
/*!40000 ALTER TABLE `tm_fast_answer` ENABLE KEYS */;

--
-- Table structure for table `tm_flujo`
--

DROP TABLE IF EXISTS `tm_flujo`;
/*!40101 SET @saved_cs_client     = @@character_set_client */;
/*!50503 SET character_set_client = utf8mb4 */;
CREATE TABLE `tm_flujo` (
  `flujo_id` int NOT NULL AUTO_INCREMENT,
  `flujo_nom` varchar(200) DEFAULT NULL,
  `cats_id` int NOT NULL,
  `est` int NOT NULL DEFAULT '1',
  `flujo_nom_adjunto` varchar(255) DEFAULT NULL,
  PRIMARY KEY (`flujo_id`),
  UNIQUE KEY `uk_cats_id` (`cats_id`)
) ENGINE=InnoDB AUTO_INCREMENT=203 DEFAULT CHARSET=utf8mb4 COLLATE=utf8mb4_0900_ai_ci;
/*!40101 SET character_set_client = @saved_cs_client */;

--
-- Dumping data for table `tm_flujo`
--

/*!40000 ALTER TABLE `tm_flujo` DISABLE KEYS */;
INSERT INTO `tm_flujo` VALUES (155,'',196,1,NULL),(156,'',197,1,NULL),(157,'',198,1,NULL),(158,'',199,1,NULL),(159,'',200,1,NULL),(160,'',201,1,NULL),(161,'',202,1,NULL),(162,'',203,1,NULL),(163,'',204,1,NULL),(164,'',205,1,NULL),(165,'',206,1,NULL),(166,'',207,1,NULL),(167,'',208,1,NULL),(168,'',209,1,NULL),(169,'',210,1,NULL),(170,'',211,1,NULL),(171,'',212,1,NULL),(172,'',213,1,NULL),(173,'',214,1,NULL),(174,'',215,1,NULL),(175,'',216,1,NULL),(176,'',217,1,NULL),(177,'',218,1,NULL),(178,'',219,1,NULL),(179,'',220,1,NULL),(180,'',221,1,NULL),(181,'',222,1,NULL),(182,'',223,1,NULL),(183,'',224,1,NULL),(184,'',225,1,NULL),(185,'',226,1,NULL),(186,'',227,1,NULL),(187,'',228,1,NULL),(188,'',229,1,NULL),(189,'',230,1,NULL),(190,'',231,1,NULL),(191,'',232,1,NULL),(192,'',233,1,NULL),(193,'',234,1,NULL),(194,'',235,1,NULL),(195,'',236,1,NULL),(196,'',237,1,NULL),(197,'',238,1,NULL),(198,'',239,1,NULL),(199,'',240,1,NULL),(200,NULL,241,1,NULL),(202,NULL,242,1,'');
/*!40000 ALTER TABLE `tm_flujo` ENABLE KEYS */;

--
-- Table structure for table `tm_flujo_paso`
--

DROP TABLE IF EXISTS `tm_flujo_paso`;
/*!40101 SET @saved_cs_client     = @@character_set_client */;
/*!50503 SET character_set_client = utf8mb4 */;
CREATE TABLE `tm_flujo_paso` (
  `paso_id` int NOT NULL AUTO_INCREMENT,
  `flujo_id` int NOT NULL,
  `paso_orden` int NOT NULL,
  `paso_nombre` varchar(255) NOT NULL,
  `cargo_id_asignado` int DEFAULT NULL,
  `paso_tiempo_habil` int DEFAULT NULL,
  `paso_descripcion` mediumtext,
  `requiere_seleccion_manual` int DEFAULT NULL,
  `es_tarea_nacional` tinyint(1) NOT NULL DEFAULT '0',
  `es_aprobacion` tinyint(1) DEFAULT '0',
  `paso_nom_adjunto` varchar(255) DEFAULT NULL,
  `est` int NOT NULL DEFAULT '1',
  `campo_id_referencia_jefe` int DEFAULT NULL,
  `permite_cerrar` int DEFAULT '0',
  `necesita_aprobacion_jefe` tinyint(1) DEFAULT '0',
  `es_paralelo` tinyint(1) DEFAULT '0',
  `requiere_firma` tinyint(1) DEFAULT '0',
  `requiere_campos_plantilla` int DEFAULT '0',
  PRIMARY KEY (`paso_id`)
) ENGINE=InnoDB AUTO_INCREMENT=729 DEFAULT CHARSET=utf8mb4 COLLATE=utf8mb4_0900_ai_ci;
/*!40101 SET character_set_client = @saved_cs_client */;

--
-- Dumping data for table `tm_flujo_paso`
--

/*!40000 ALTER TABLE `tm_flujo_paso` DISABLE KEYS */;
INSERT INTO `tm_flujo_paso` VALUES (635,155,1,'Reabrir doc',153,1,'<br>',1,0,0,'',1,NULL,NULL,0,0,0,0),(636,156,1,'Anular doc',153,1,'<br>',1,0,0,'',1,NULL,NULL,0,0,0,0),(637,157,1,'Activar talonario',153,1,'<br>',1,0,0,'paso_6900cfb190af31.58861309.xlsx',1,NULL,NULL,0,0,0,0),(638,158,1,'Devolver  consecutivo',153,1,'Tipo documento:<br>\r\nNumero documento:<br>\r\nAmbiente (Arpesod o Financiera):<br>\r\nMotivo:<br>\r\nNota: Esta solicitud solo aplica al último consecutivo usado.',1,0,0,'',1,NULL,NULL,0,0,0,0),(639,159,1,'Traslado Anticipo',153,2,'<br>',1,0,0,'',1,NULL,NULL,0,0,0,0),(640,160,1,'Activación impresión',153,2,'<p><br></p>',1,0,0,'',1,NULL,NULL,0,0,0,0),(641,161,1,'Reversión Anticipo',153,3,'<br>',0,0,0,'',1,NULL,NULL,0,0,0,0),(642,162,1,'Reembolso caja menor',153,3,'Tipo Egreso:<br>\r\nValor:<br>\r\nDoc Cruce:<br>\r\nNit:<br>\r\nModelo:<br>\r\nDestino:<br>\r\nDetalle:',0,1,0,'',1,NULL,NULL,0,0,0,0),(643,162,2,'Pago Reembolso caja menor',172,2,'',1,0,0,'',1,NULL,NULL,0,0,0,0),(644,163,1,'Solicitud legalización provisional',153,3,'Tipo Egreso:<br />\nValor:<br />\nDoc Cruce:<br />\nNit:<br />\nModelo:<br />\nDestino:<br />\nDetalle:',0,0,0,NULL,1,NULL,NULL,0,0,0,0),(645,163,2,'Egreso legalización provisional',172,2,'',0,0,0,NULL,1,NULL,NULL,0,0,0,0),(646,164,1,'Reabrir caja',153,1,'<br>',1,0,0,'',1,NULL,NULL,0,0,0,0),(647,165,1,'Registro sobrante',153,1,'Motivo:<br />\nFecha de descuadre:',0,0,0,NULL,1,NULL,NULL,0,0,0,0),(648,166,1,'Revisión de arqueo',153,1,'<br>',0,0,0,'',1,NULL,NULL,0,0,0,0),(649,167,1,'Ajustes de cuenta puente',153,2,'<br>',0,0,0,'',1,NULL,NULL,0,0,0,0),(650,168,1,'Aprobación compra mercancía',179,1,'No OC (órden de compra):',1,1,0,'',1,NULL,0,0,0,0,0),(651,168,2,'Solicitud de anticipo',153,1,'Tipo Egreso:<br />\nValor:<br />\nDoc Cruce:<br />\nNit:<br />\nModelo:<br />\nDestino:<br />\nDetalle:',0,0,0,NULL,1,NULL,NULL,0,0,0,0),(652,168,3,'Desembolso anticipo',172,1,'',0,0,0,NULL,1,NULL,NULL,0,0,0,0),(653,168,4,'Solicitud de legalización anticipo',193,1,'No OC (órden de compra):<br>\r\nNota: Enviar factura electrónica',0,0,0,'',1,NULL,NULL,0,0,0,0),(654,168,5,'Ingreso de Mercancía',191,1,'N° de CP:<br />\nFecha de Recepción de mercancía:',0,0,0,NULL,1,NULL,NULL,0,0,0,0),(655,168,6,'Revisión ingreso de Mercancía',181,1,'N° de CP:<br>\r\nFecha de Recepción de mercancía:<br>\r\nRevisado ok:',0,1,0,'',1,NULL,NULL,0,0,0,0),(656,168,7,'Cierre de CP (compra de mercancía)',203,1,'N° de CP:',0,1,0,'',1,NULL,NULL,0,0,0,0),(657,168,8,'Legalización Anticipos',153,1,'<table border=\"0\" cellpadding=\"0\" cellspacing=\"0\" width=\"250\" style=\"width: 187pt;\"><tbody><tr height=\"134\" style=\"height: 100.8pt;\"><td height=\"134\" class=\"xl66\" width=\"250\" style=\"height: 100.8pt; width: 187pt;\">Tipo documento:<br>Valor:<br>Doc Cruce:<br>Nit:<br>Modelo:<br>Detalle:</td></tr></tbody></table>',0,0,0,'',1,NULL,1,0,0,0,0),(658,169,1,'Aprobación compra mercancía',179,1,'No OC (órden de compra):',1,1,0,'',1,NULL,NULL,0,0,0,0),(659,169,2,'Compra de mercancía',193,1,'No OC (órden de compra):<br />\nNota: Enviar factura electrónica',0,0,0,NULL,1,NULL,NULL,0,0,0,0),(660,169,3,'Ingreso de Mercancía',191,1,'N° de CP:<br />\nFecha de Recepción de mercancía:',0,0,0,NULL,1,NULL,NULL,0,0,0,0),(661,169,4,'Revisión ingreso de Mercancía',181,1,'N° de CP:<br>\r\nFecha de Recepción de mercancía:<br>\r\nRevisado ok:',0,1,0,'',1,NULL,NULL,0,0,0,0),(662,169,5,'Cierre de CP (compra de mercancía)',203,1,'',0,1,0,'',1,NULL,NULL,0,0,0,0),(663,170,1,'Envio a validación',202,1,'Nota: Los convenios enviados hasta las 12pm se aplican el mismo día, excepto los convenios del fin de semana y festivos, los cuales se aplican al día habil siguiente.',0,1,0,'',1,NULL,NULL,0,0,0,0),(664,170,2,'Convenios validados',153,1,'',0,0,0,NULL,1,NULL,NULL,0,0,0,0),(665,171,1,'Relación pagos para aplicación',206,2,'<br>',0,1,0,'',1,NULL,NULL,0,0,0,0),(666,172,1,'Envío a confirmar pago electrónico',204,1,'Confirmacion según:',0,1,0,'',1,NULL,NULL,0,0,0,0),(667,172,2,'Aplicación de pago electrónico confirmado',172,1,'Cruza en el documento:',1,0,0,'',1,NULL,NULL,0,0,0,0),(668,173,1,'Envío a confirmar pago en cheque',204,1,'Confirmacion según:',0,0,0,NULL,1,NULL,NULL,0,0,0,0),(669,173,2,'Aplicación de pago en cheque',172,1,'Cruza en el documento:',0,0,0,NULL,1,NULL,NULL,0,0,0,0),(670,174,1,'Envío ajuste de recibo doble',153,1,'Recibo a reversar:<br />\nMotivo:',0,0,0,NULL,1,NULL,NULL,0,0,0,0),(671,175,1,'Envío ajuste de descuadre',153,1,'Recibo de ARPESOD:<br />\nRecibo de FINANSUENOS:<br />\nMotivo del descuadre:<br />\n<br />\nNota: Anexar RM (Si aplica)',0,0,0,NULL,1,NULL,NULL,0,0,0,0),(672,176,1,'Anulación de ventas con aliados de financiamiento',199,1,'<br>',0,1,0,'',1,NULL,NULL,0,0,0,0),(673,177,1,'Solicitud envio de facturas Electronicas',153,1,'Motivo:<br>\r\nFactura:',1,0,0,'',1,NULL,NULL,0,0,0,0),(674,178,1,'Solicitud ajuste',153,1,'Motivo:<br>\r\nFactura:<br>\r\nCliente:',1,0,0,'paso_690e6c58f24455.57551165.xlsx',1,NULL,NULL,0,0,0,0),(675,179,1,'Orden de pago por caja',172,3,'Tipo Egreso:<br>\r\nValor:<br>\r\nDoc Cruce:<br>\r\nNit:<br>\r\nModelo:<br>\r\nDestino:<br>\r\nDetalle:',1,0,0,'',1,NULL,NULL,0,0,0,0),(676,180,1,'Autotización devolución dinero a cliente',153,3,'Tipo Egreso:<br />\nValor:<br />\nDoc Cruce:<br />\nNit:<br />\nModelo:<br />\nDestino:<br />\nDetalle:',0,0,0,NULL,1,NULL,NULL,0,0,0,0),(677,180,2,'Orden de pago por caja',172,3,'',0,0,0,NULL,1,NULL,NULL,0,0,0,0),(678,181,1,'Solicitud de pago',199,3,'<p>Buen día,</p><p><span style=\"font-size: 1rem;\">Adjunto salida de banco:&nbsp;&nbsp;</span></p>',0,1,0,'',1,NULL,NULL,0,0,0,0),(679,181,2,'Envio soporte de pago',153,3,'',0,0,0,NULL,1,NULL,NULL,0,0,0,0),(680,182,1,'Pago urgente',199,1,'<br>',0,1,0,'',1,NULL,NULL,0,0,0,0),(681,182,2,'Envio soporte de pago al analista',153,3,'',1,0,0,'',1,NULL,NULL,0,0,0,0),(682,183,1,'Pago nómina',199,3,'Sálida del Banco:<br>\r\n<br>\r\nNota: Envio de relación salida bancos y relación de pagos en efectivo',0,1,0,'',1,NULL,NULL,0,0,0,0),(683,183,2,'Envio pago de nómina',157,1,'',0,0,0,NULL,1,NULL,NULL,0,0,0,0),(684,184,1,'Pago a empleados',199,2,'Sálida del Banco:<br />\n<br />\nNota: Envio de relación salida bancos y relación de pagos en efectivo',0,0,0,NULL,1,NULL,NULL,0,0,0,0),(685,184,2,'Envio soporte de pago',157,3,'',0,0,0,NULL,1,NULL,NULL,0,0,0,0),(686,185,1,'Pago seguridas social',199,3,'<table border=\"0\" cellpadding=\"0\" cellspacing=\"0\" width=\"250\" style=\"width: 187pt;\"><tbody><tr height=\"77\" style=\"height:57.6pt\">\r\n  <td height=\"77\" class=\"xl66\" width=\"250\" style=\"height:57.6pt;width:187pt\">Sálida\r\n  del Banco:<br>\r\n    <br>\r\n    Nota: Envio de relación salida bancos y relación de pagos en efectivo</td></tr></tbody></table>',0,0,0,'',1,NULL,NULL,0,0,0,0),(687,185,2,'Envio soporte de pago seguridad social',157,1,'',0,0,0,NULL,1,NULL,NULL,0,0,0,0),(688,186,1,'Pago de libranzas',199,2,'<div>Sálida del Banco:</div><div><br></div><div>Nota: Envio de relación salida bancos y relación de pagos en efectivo</div>',0,0,0,'',1,NULL,NULL,0,0,0,0),(689,186,2,'Envio soportes de pago',157,1,'',0,0,0,NULL,1,NULL,NULL,0,0,0,0),(690,187,1,'Registro de facturas',203,1,'<br>',0,1,0,'',1,NULL,NULL,0,0,0,0),(691,188,1,'Envío  nota crédito',181,1,'N° de nota de crédito<br>\r\nSerial:<br>\r\nCódigo EAN:<br>\r\nProducto:<br>\r\nBodega:<br>\r\nMotivo:',0,1,0,'',0,NULL,NULL,0,0,0,0),(692,188,1,'Aplicación de nota crédito.',203,1,'N° de devolución de compras: DC01<br>\r\nNIT proveedor:<br>\r\nFactura aplicada:<br>\r\nValor:',0,1,0,'',1,NULL,NULL,0,0,0,0),(693,188,2,'Revisión  y aplicación',199,2,'',0,1,0,'',1,NULL,NULL,0,0,0,0),(694,189,1,'Aplicación de nota crédito.',203,3,'',0,1,0,'',1,NULL,NULL,0,0,0,0),(695,190,1,'Solicitud de ajuste de inventario.',181,3,'<br>',0,1,0,'',1,NULL,NULL,0,0,0,0),(696,191,1,'Solicitud de corrido de costeo',181,1,'Correr costeo',0,1,0,'',1,NULL,NULL,0,0,0,0),(697,192,1,'Soportes incompletos de arqueo diario',172,2,'Envio PDF de soportes',0,0,0,'',1,NULL,NULL,0,0,0,0),(698,193,1,'Relación de manuales',172,1,'Nota:  envio PDF de relacion de manuales',0,0,0,NULL,1,NULL,NULL,0,0,0,0),(699,193,2,'Revisión de cierre',153,1,'',0,0,0,NULL,1,NULL,NULL,0,0,0,0),(700,194,1,'Reporte de errores',172,1,'Motivo:<br />\nFecha:                                     Modulo:',0,0,0,NULL,1,NULL,NULL,0,0,0,0),(701,194,2,'Revisión de cierre',153,1,'',0,0,0,NULL,1,NULL,NULL,0,0,0,0),(702,195,1,'Envio de Soportes',172,2,'Tipo documento:<br />\nMotivo:<br />\nFecha:',0,0,0,NULL,1,NULL,NULL,0,0,0,0),(703,195,2,'Revisión de Soportes',153,2,'Nota: evio documento faltante',0,0,0,NULL,1,NULL,NULL,0,0,0,0),(704,196,1,'Envio de movimientos',162,2,'Motivo:<br />\nFecha:',0,0,0,NULL,1,NULL,NULL,0,0,0,0),(705,196,2,'Revisión de movimientos',153,2,'Nota: evio de guia',0,0,0,NULL,1,NULL,NULL,0,0,0,0),(706,197,1,'Aprobación del Area',202,2,'Diferencia a ajustar:<br>\r\n<br>\r\nNota: La diferencia debe ser igual entre la factura y el desembolso nuevo, debe ser igual al saldo del desembolso antiguo.',0,1,0,'',1,NULL,NULL,0,0,0,0),(707,197,2,'Ajuste contable de plan retanqueo',207,1,'',0,1,0,'',1,NULL,NULL,0,0,0,0),(708,198,1,'Ejecuta el retanqueo en sistema',202,2,'Cédula:<br />\nFactura antigua:<br />\nSaldo:<br />\nFactura nueva:<br />\nSaldo:<br />\nNuevo N° Cuotas:<br />\nNuevo valor cuotas:<br />\nFecha pago cuotas:',0,0,0,NULL,1,NULL,NULL,0,0,0,0),(709,200,1,'Revisión y envio de información',202,1,'Nota: Adjuntar plantilla',0,1,0,'',1,NULL,NULL,0,0,0,0),(710,200,2,'Reg. Contable, baja la cartera',153,3,'',0,0,0,NULL,1,NULL,NULL,0,0,0,0),(711,199,3,'Contabilización de la legalización',153,3,'',0,0,0,NULL,1,NULL,NULL,0,0,0,0),(712,199,4,'Pago a colaborador',172,1,'Tipo Egreso:<br />\nValor:<br />\nDoc Cruce:<br />\nNit:<br />\nModelo:<br />\nDestino:<br />\nDetalle:',0,0,0,NULL,1,NULL,NULL,0,0,0,0),(713,168,8,'Reintegro',172,1,'<br>',0,0,0,'',1,NULL,NULL,0,0,0,0),(714,192,2,'Revisión de soporte',153,1,'',0,0,0,'',1,NULL,NULL,0,0,0,0),(715,166,1,'Novedad',153,1,'',0,0,0,'',1,NULL,NULL,0,0,0,0),(716,166,1,'Registro de faltante',172,1,'',1,0,0,'',1,NULL,NULL,0,0,0,0),(717,166,1,'Registro de sobrante',172,1,'',1,0,0,'',1,NULL,NULL,0,0,0,0),(718,202,1,'Entrega de carta de terminación',NULL,1,'',0,0,0,'',1,NULL,0,1,0,0,1),(719,202,2,'Verificación y aprobado de Bodega',191,1,'<p>Nota: Revisar pendientes y autorizar paz y salvo</p>',1,0,0,'',1,NULL,0,0,0,1,0),(720,202,3,'Verificación y aprobado de Cartera',190,1,'Nota: Revisar pendientes y autorizar paz y salvo',1,0,0,'',1,NULL,0,0,0,1,0),(721,202,4,'Verificación y aprobación de las áreas',NULL,1,'Nota: Revisar pendientes y autorizar paz y salvo',0,1,0,'',1,NULL,0,1,1,1,0),(722,202,5,'Verificación y aprobado de CAC',178,1,'<table border=\"0\" cellpadding=\"0\" cellspacing=\"0\" width=\"356\" style=\"width: 267pt;\"><tbody><tr height=\"38\" style=\"height:28.8pt\">\r\n  <td height=\"38\" class=\"xl65\" width=\"356\" style=\"height:28.8pt;width:267pt\"><font class=\"font6\">Nota:</font><font class=\"font5\"> Revisar pendientes y autorizar\r\n  paz y salvo</font></td></tr></tbody></table>',0,1,0,'',0,NULL,0,0,0,0,0),(723,202,6,'Inhabilitar usuarios, códigos/cambio de claves',182,1,'<table border=\"0\" cellpadding=\"0\" cellspacing=\"0\" width=\"458\" style=\"width: 343pt;\"><tbody><tr height=\"77\" style=\"height:57.6pt\">\r\n  <td height=\"77\" class=\"xl65\" width=\"458\" style=\"height:57.6pt;width:343pt\"><font class=\"font6\">Nota:</font><font class=\"font5\"> Inhabilitar usuarios,\r\n  códigos/cambio de claves</font></td></tr></tbody></table>',0,1,0,'',0,NULL,0,0,0,0,0),(724,202,7,'Verificación y aprobado de Auditoria',183,1,'<table border=\"0\" cellpadding=\"0\" cellspacing=\"0\" width=\"458\" style=\"width: 343pt;\"><tbody><tr height=\"58\" style=\"height:43.2pt\">\r\n  <td height=\"58\" class=\"xl65\" width=\"458\" style=\"height:43.2pt;width:343pt\"><font class=\"font6\">Nota:</font><font class=\"font5\"> Revisar pendientes y autorizar\r\n  paz y salvo</font></td></tr></tbody></table>',0,1,0,'',0,NULL,0,0,0,0,0),(725,202,5,'Cálculo y ajuste liquidación de contrato',153,1,'<table border=\"0\" cellpadding=\"0\" cellspacing=\"0\" width=\"458\" style=\"width: 343pt;\"><tbody><tr height=\"192\" style=\"height:144.0pt\">\r\n  <td height=\"192\" class=\"xl65\" width=\"458\" style=\"height:144.0pt;width:343pt\"><font class=\"font7\">Tipo Egreso:<br>\r\n    Valor:<br>\r\n    Doc Cruce:<br>\r\n    Nit:<br>\r\n    Modelo:<br>\r\n    Destino:<br>\r\n    Detalle:<br>\r\n    <br>\r\n    Nota:</font><font class=\"font5\"> Adjuntar liquidación de contrato PDF</font><font class=\"font6\"> y relacionar pagos pendientes</font></td></tr></tbody></table>',0,0,0,'',1,NULL,0,0,0,0,0),(726,202,6,'Verificación y aprobado de Financiera',185,1,'<table border=\"0\" cellpadding=\"0\" cellspacing=\"0\" width=\"458\" style=\"width: 343pt;\"><tbody><tr height=\"58\" style=\"height:43.2pt\">\r\n  <td height=\"58\" class=\"xl65\" width=\"458\" style=\"height:43.2pt;width:343pt\"><font class=\"font6\">Nota:</font><font class=\"font5\"> Revisar pendientes y autorizar\r\n  paz y salvo</font></td></tr></tbody></table>',0,1,0,'',1,NULL,0,0,0,1,0),(727,202,7,'Pago Firma',172,1,'<table border=\"0\" cellpadding=\"0\" cellspacing=\"0\" width=\"458\" style=\"width: 343pt;\"><tbody><tr height=\"19\" style=\"height:14.4pt\">\r\n  <td height=\"19\" class=\"xl65\" width=\"458\" style=\"height:14.4pt;width:343pt\"><font class=\"font6\">Nota:</font><font class=\"font5\"> Pagar y hacer fimar la\r\n  liquidación (2 copias)</font></td></tr></tbody></table>',0,0,0,'',1,NULL,0,0,0,0,0),(728,202,8,'Envío de soportes firmados',158,1,'<table border=\"0\" cellpadding=\"0\" cellspacing=\"0\" width=\"458\" style=\"width: 343pt;\"><tbody><tr height=\"38\" style=\"height:28.8pt\">\r\n  <td height=\"38\" class=\"xl65\" width=\"458\" style=\"height:28.8pt;width:343pt\"><font class=\"font6\">Nota:</font><font class=\"font5\"> Enviar pdf con firmas de\r\n  recibido</font></td></tr></tbody></table>',0,1,0,'',1,NULL,0,0,0,0,0);
/*!40000 ALTER TABLE `tm_flujo_paso` ENABLE KEYS */;

--
-- Table structure for table `tm_flujo_paso_firma`
--

DROP TABLE IF EXISTS `tm_flujo_paso_firma`;
/*!40101 SET @saved_cs_client     = @@character_set_client */;
/*!50503 SET character_set_client = utf8mb4 */;
CREATE TABLE `tm_flujo_paso_firma` (
  `firma_id` int NOT NULL AUTO_INCREMENT,
  `paso_id` int NOT NULL,
  `usu_id` int DEFAULT NULL,
  `car_id` int DEFAULT NULL,
  `coord_x` float NOT NULL,
  `coord_y` float NOT NULL,
  `pagina` int DEFAULT '1',
  `est` int DEFAULT '1',
  PRIMARY KEY (`firma_id`),
  KEY `paso_id` (`paso_id`),
  CONSTRAINT `tm_flujo_paso_firma_ibfk_1` FOREIGN KEY (`paso_id`) REFERENCES `tm_flujo_paso` (`paso_id`)
) ENGINE=InnoDB AUTO_INCREMENT=43 DEFAULT CHARSET=utf8mb4 COLLATE=utf8mb4_0900_ai_ci;
/*!40101 SET character_set_client = @saved_cs_client */;

--
-- Dumping data for table `tm_flujo_paso_firma`
--

/*!40000 ALTER TABLE `tm_flujo_paso_firma` DISABLE KEYS */;
INSERT INTO `tm_flujo_paso_firma` VALUES (28,726,NULL,185,140,200.8,1,1),(37,719,NULL,191,35.7,172.5,1,1),(38,720,NULL,190,144,142,1,1),(39,721,NULL,182,151.5,171.5,1,1),(40,721,NULL,178,87.5,143,1,1),(41,721,NULL,183,52.5,199.8,1,1),(42,721,NULL,-1,32,143,1,1);
/*!40000 ALTER TABLE `tm_flujo_paso_firma` ENABLE KEYS */;

--
-- Table structure for table `tm_flujo_paso_usuarios`
--

DROP TABLE IF EXISTS `tm_flujo_paso_usuarios`;
/*!40101 SET @saved_cs_client     = @@character_set_client */;
/*!50503 SET character_set_client = utf8mb4 */;
CREATE TABLE `tm_flujo_paso_usuarios` (
  `id` int NOT NULL AUTO_INCREMENT,
  `paso_id` int NOT NULL,
  `usu_id` int DEFAULT NULL,
  `car_id` int DEFAULT NULL,
  PRIMARY KEY (`id`)
) ENGINE=InnoDB AUTO_INCREMENT=96 DEFAULT CHARSET=utf8mb4 COLLATE=utf8mb4_0900_ai_ci;
/*!40101 SET character_set_client = @saved_cs_client */;

--
-- Dumping data for table `tm_flujo_paso_usuarios`
--

/*!40000 ALTER TABLE `tm_flujo_paso_usuarios` DISABLE KEYS */;
INSERT INTO `tm_flujo_paso_usuarios` VALUES (1,643,114,NULL),(2,643,127,NULL),(3,643,170,NULL),(4,667,135,NULL),(5,667,134,NULL),(6,667,133,NULL),(7,667,132,NULL),(8,667,131,NULL),(9,667,130,NULL),(10,667,129,NULL),(11,667,128,NULL),(12,667,127,NULL),(13,667,114,NULL),(14,681,115,NULL),(15,681,116,NULL),(16,681,117,NULL),(17,681,118,NULL),(18,681,121,NULL),(19,681,123,NULL),(20,681,124,NULL),(21,681,125,NULL),(22,716,114,NULL),(23,716,127,NULL),(24,716,128,NULL),(25,716,129,NULL),(26,716,130,NULL),(27,716,131,NULL),(28,716,132,NULL),(29,716,133,NULL),(30,716,134,NULL),(31,716,135,NULL),(32,717,114,NULL),(33,717,127,NULL),(34,717,128,NULL),(35,717,129,NULL),(36,717,130,NULL),(37,717,131,NULL),(38,717,132,NULL),(39,717,133,NULL),(40,717,134,NULL),(41,717,135,NULL),(79,719,154,NULL),(80,719,155,NULL),(81,719,156,NULL),(82,719,157,NULL),(83,719,158,NULL),(84,719,159,NULL),(85,719,160,NULL),(86,720,148,NULL),(87,720,167,NULL),(88,720,168,NULL),(89,720,169,NULL),(90,720,170,NULL),(91,720,171,NULL),(92,721,NULL,182),(93,721,NULL,-1),(94,721,NULL,178),(95,721,NULL,183);
/*!40000 ALTER TABLE `tm_flujo_paso_usuarios` ENABLE KEYS */;

--
-- Table structure for table `tm_flujo_plantilla`
--

DROP TABLE IF EXISTS `tm_flujo_plantilla`;
/*!40101 SET @saved_cs_client     = @@character_set_client */;
/*!50503 SET character_set_client = utf8mb4 */;
CREATE TABLE `tm_flujo_plantilla` (
  `flujo_plantilla_id` int NOT NULL AUTO_INCREMENT,
  `flujo_id` int NOT NULL,
  `emp_id` int NOT NULL,
  `plantilla_nom` varchar(255) NOT NULL,
  `est` int DEFAULT '1',
  PRIMARY KEY (`flujo_plantilla_id`),
  KEY `flujo_id` (`flujo_id`),
  KEY `emp_id` (`emp_id`),
  CONSTRAINT `tm_flujo_plantilla_ibfk_1` FOREIGN KEY (`flujo_id`) REFERENCES `tm_flujo` (`flujo_id`),
  CONSTRAINT `tm_flujo_plantilla_ibfk_2` FOREIGN KEY (`emp_id`) REFERENCES `td_empresa` (`emp_id`)
) ENGINE=InnoDB AUTO_INCREMENT=7 DEFAULT CHARSET=utf8mb4 COLLATE=utf8mb4_0900_ai_ci;
/*!40101 SET character_set_client = @saved_cs_client */;

--
-- Dumping data for table `tm_flujo_plantilla`
--

/*!40000 ALTER TABLE `tm_flujo_plantilla` DISABLE KEYS */;
INSERT INTO `tm_flujo_plantilla` VALUES (1,202,10,'1764260017_0.pdf',0),(2,202,11,'1764260017_1.pdf',0),(3,202,10,'1764262767_0.pdf',0),(4,202,11,'1764262767_1.pdf',0),(5,202,10,'1764425120_0.pdf',1),(6,202,11,'1764425120_1.pdf',1);
/*!40000 ALTER TABLE `tm_flujo_plantilla` ENABLE KEYS */;

--
-- Table structure for table `tm_flujo_transiciones`
--

DROP TABLE IF EXISTS `tm_flujo_transiciones`;
/*!40101 SET @saved_cs_client     = @@character_set_client */;
/*!50503 SET character_set_client = utf8mb4 */;
CREATE TABLE `tm_flujo_transiciones` (
  `transicion_id` int NOT NULL AUTO_INCREMENT,
  `paso_origen_id` int NOT NULL,
  `ruta_id` int DEFAULT NULL,
  `paso_destino_id` int DEFAULT NULL,
  `condicion_clave` varchar(50) DEFAULT NULL,
  `condicion_nombre` varchar(150) NOT NULL,
  `est` int DEFAULT '1',
  PRIMARY KEY (`transicion_id`),
  KEY `paso_origen_id` (`paso_origen_id`),
  KEY `ruta_id` (`ruta_id`),
  CONSTRAINT `tm_flujo_transiciones_ibfk_1` FOREIGN KEY (`paso_origen_id`) REFERENCES `tm_flujo_paso` (`paso_id`),
  CONSTRAINT `tm_flujo_transiciones_ibfk_2` FOREIGN KEY (`ruta_id`) REFERENCES `tm_ruta` (`ruta_id`)
) ENGINE=InnoDB AUTO_INCREMENT=7 DEFAULT CHARSET=utf8mb4 COLLATE=utf8mb4_0900_ai_ci;
/*!40101 SET character_set_client = @saved_cs_client */;

--
-- Dumping data for table `tm_flujo_transiciones`
--

/*!40000 ALTER TABLE `tm_flujo_transiciones` DISABLE KEYS */;
INSERT INTO `tm_flujo_transiciones` VALUES (1,657,1,NULL,'APROBADO','Reintegro',1),(2,648,3,NULL,'APROBADO','Novedades',1),(3,715,5,NULL,'APROBADO','Registro de faltante',1),(4,715,6,NULL,'APROBADO','Registro de sobrante',1),(5,718,7,718,'APROBADO','Pertenece a la regional',1),(6,718,8,718,'APROBADO','No pertenece a la regional',1);
/*!40000 ALTER TABLE `tm_flujo_transiciones` ENABLE KEYS */;

--
-- Table structure for table `tm_notificacion`
--

DROP TABLE IF EXISTS `tm_notificacion`;
/*!40101 SET @saved_cs_client     = @@character_set_client */;
/*!50503 SET character_set_client = utf8mb4 */;
CREATE TABLE `tm_notificacion` (
  `not_id` int NOT NULL AUTO_INCREMENT,
  `usu_id` int DEFAULT NULL,
  `not_mensaje` text,
  `tick_id` int DEFAULT NULL,
  `fech_not` datetime DEFAULT NULL,
  `est` int DEFAULT NULL,
  PRIMARY KEY (`not_id`)
) ENGINE=InnoDB AUTO_INCREMENT=604 DEFAULT CHARSET=utf8mb4 COLLATE=utf8mb4_0900_ai_ci;
/*!40101 SET character_set_client = @saved_cs_client */;

--
-- Dumping data for table `tm_notificacion`
--

/*!40000 ALTER TABLE `tm_notificacion` DISABLE KEYS */;
INSERT INTO `tm_notificacion` VALUES (465,117,'Se le ha asignado el ticket # 71 - Anular Documento.',71,'2025-11-20 13:57:03',2),(466,115,'Se le ha asignado el ticket # 72 - Reabrir Documento.',72,'2025-11-20 16:55:26',1),(467,115,'Se le ha asignado el ticket # 73 - Activación de talonarios.',73,'2025-11-21 12:29:50',1),(468,125,'Se le ha asignado el ticket # 74 - Reimpresiones.',74,'2025-11-21 13:38:44',1),(469,125,'Se le ha asignado el ticket # 75 - Envio de arqueo diario.',75,'2025-11-21 13:44:32',1),(470,116,'Se le ha asignado el ticket # 76 - Reimpresiones.',76,'2025-11-21 16:57:12',2),(471,181,'Se le ha asignado el ticket # 77 - Reimpresiones.',77,'2025-11-24 16:50:03',2),(472,124,'Se le ha asignado el ticket # 78 - Traslado de anticipos.',78,'2025-11-25 18:04:15',2),(474,170,'Se le ha asignado el ticket # 80 - Retiro de personal.',80,'2025-11-27 14:58:55',1),(475,170,'Se le ha asignado el ticket # 81 - Retiro de personal.',81,'2025-11-27 15:03:58',1),(476,182,'El agente de soporte te ha respondido el ticket Nro 81',81,'2025-11-27 15:50:07',1),(477,158,'Se le ha trasladado el ticket #81 - Retiro de personal.',81,'2025-11-27 15:50:07',1),(478,146,'Se le ha asignado el ticket # 82 - Solicitud compra de mercancía con anticipo.',82,'2025-11-27 16:23:23',1),(479,126,'El agente de soporte te ha respondido el ticket Nro 82',82,'2025-11-27 16:29:13',1),(480,115,'Se le ha trasladado el ticket #82 - Solicitud compra de mercancía con anticipo.',82,'2025-11-27 16:29:13',1),(481,126,'El agente de soporte te ha respondido el ticket Nro 82',82,'2025-11-27 16:36:46',1),(482,114,'Se le ha trasladado el ticket #82 - Solicitud compra de mercancía con anticipo.',82,'2025-11-27 16:36:46',1),(483,126,'El agente de soporte te ha respondido el ticket Nro 82',82,'2025-11-27 16:38:07',1),(484,126,'Se le ha trasladado el ticket #82 - Solicitud compra de mercancía con anticipo.',82,'2025-11-27 16:38:07',1),(485,126,'El agente de soporte te ha respondido el ticket Nro 82',82,'2025-11-27 16:40:47',1),(486,158,'Se le ha trasladado el ticket #82 - Solicitud compra de mercancía con anticipo.',82,'2025-11-27 16:40:47',1),(487,126,'El agente de soporte te ha respondido el ticket Nro 82',82,'2025-11-27 16:42:25',1),(488,147,'Se le ha trasladado el ticket #82 - Solicitud compra de mercancía con anticipo.',82,'2025-11-27 16:42:25',1),(489,126,'El agente de soporte te ha respondido el ticket Nro 82',82,'2025-11-27 16:43:54',1),(490,122,'Se le ha trasladado el ticket #82 - Solicitud compra de mercancía con anticipo.',82,'2025-11-27 16:43:54',1),(491,126,'El agente de soporte te ha respondido el ticket Nro 82',82,'2025-11-27 16:45:02',1),(492,115,'Se le ha trasladado el ticket #82 - Solicitud compra de mercancía con anticipo.',82,'2025-11-27 16:45:02',1),(493,126,'El agente de soporte te ha respondido el ticket Nro 82',82,'2025-11-27 16:47:46',1),(494,114,'Se le ha trasladado el ticket #82 - Solicitud compra de mercancía con anticipo.',82,'2025-11-27 16:47:46',1),(495,126,'El Ticket #82 ha sido cerrado con la siguiente nota: Reintegro realizado',82,'2025-11-27 16:49:13',1),(496,146,'El Ticket #82 ha sido cerrado con la siguiente nota: Reintegro realizado',82,'2025-11-27 16:49:13',2),(497,115,'El Ticket #82 ha sido cerrado con la siguiente nota: Reintegro realizado',82,'2025-11-27 16:49:13',2),(498,114,'El Ticket #82 ha sido cerrado con la siguiente nota: Reintegro realizado',82,'2025-11-27 16:49:13',1),(499,158,'El Ticket #82 ha sido cerrado con la siguiente nota: Reintegro realizado',82,'2025-11-27 16:49:13',1),(500,147,'El Ticket #82 ha sido cerrado con la siguiente nota: Reintegro realizado',82,'2025-11-27 16:49:13',1),(501,122,'El Ticket #82 ha sido cerrado con la siguiente nota: Reintegro realizado',82,'2025-11-27 16:49:13',2),(502,182,'El agente de soporte te ha respondido el ticket Nro 81',81,'2025-11-28 17:01:10',1),(503,170,'Se le ha trasladado el ticket #81 - Retiro de personal.',81,'2025-11-28 17:01:10',1),(504,182,'El agente de soporte te ha respondido el ticket Nro 81',81,'2025-11-28 17:24:02',1),(505,170,'Se le ha asignado una tarea paralela en el ticket #81 - Retiro de personal.',81,'2025-11-28 17:24:02',1),(506,113,'Se le ha asignado una tarea paralela en el ticket #81 - Retiro de personal.',81,'2025-11-28 17:24:02',2),(507,182,'El agente de soporte te ha respondido el ticket Nro 81',81,'2025-11-28 17:25:04',1),(508,170,'Se le ha asignado el ticket # 83 - Retiro de personal.',83,'2025-11-28 17:32:19',1),(509,182,'El agente de soporte te ha respondido el ticket Nro 83',83,'2025-11-28 17:33:09',1),(510,158,'Se le ha trasladado el ticket #83 - Retiro de personal.',83,'2025-11-28 17:33:09',1),(511,182,'El agente de soporte te ha respondido el ticket Nro 83',83,'2025-11-28 17:33:43',1),(512,170,'Se le ha trasladado el ticket #83 - Retiro de personal.',83,'2025-11-28 17:33:43',1),(513,182,'El agente de soporte te ha respondido el ticket Nro 83',83,'2025-11-28 17:37:40',1),(514,183,'Se le ha asignado una tarea paralela en el ticket #83 - Retiro de personal.',83,'2025-11-28 17:37:40',2),(515,184,'Se le ha asignado una tarea paralela en el ticket #83 - Retiro de personal.',83,'2025-11-28 17:37:40',2),(516,170,'Se le ha asignado una tarea paralela en el ticket #83 - Retiro de personal.',83,'2025-11-28 17:37:40',1),(517,113,'Se le ha asignado una tarea paralela en el ticket #83 - Retiro de personal.',83,'2025-11-28 17:37:40',2),(518,170,'Se le ha asignado el ticket # 84 - Retiro de personal.',84,'2025-11-28 17:47:27',1),(519,182,'El agente de soporte te ha respondido el ticket Nro 84',84,'2025-11-28 17:48:02',1),(520,182,'El agente de soporte te ha respondido el ticket Nro 84',84,'2025-11-28 17:50:05',1),(521,182,'El agente de soporte te ha respondido el ticket Nro 84',84,'2025-11-28 17:52:17',1),(522,182,'El agente de soporte te ha respondido el ticket Nro 84',84,'2025-11-28 17:52:24',1),(523,182,'El agente de soporte te ha respondido el ticket Nro 84',84,'2025-11-28 17:53:12',1),(524,182,'El agente de soporte te ha respondido el ticket Nro 84',84,'2025-11-28 17:55:27',1),(525,158,'Se le ha trasladado el ticket #84 - Retiro de personal.',84,'2025-11-28 17:55:27',1),(526,182,'El agente de soporte te ha respondido el ticket Nro 84',84,'2025-11-28 17:55:56',1),(527,170,'Se le ha trasladado el ticket #84 - Retiro de personal.',84,'2025-11-28 17:55:56',1),(528,182,'El agente de soporte te ha respondido el ticket Nro 84',84,'2025-11-28 17:56:34',1),(529,183,'Se le ha asignado una tarea paralela en el ticket #84 - Retiro de personal.',84,'2025-11-28 17:56:34',2),(530,184,'Se le ha asignado una tarea paralela en el ticket #84 - Retiro de personal.',84,'2025-11-28 17:56:34',2),(531,170,'Se le ha asignado una tarea paralela en el ticket #84 - Retiro de personal.',84,'2025-11-28 17:56:34',1),(532,113,'Se le ha asignado una tarea paralela en el ticket #84 - Retiro de personal.',84,'2025-11-28 17:56:34',2),(533,170,'Se le ha asignado el ticket # 85 - Retiro de personal.',85,'2025-11-29 08:36:03',1),(534,182,'El agente de soporte te ha respondido el ticket Nro 85',85,'2025-11-29 08:36:50',2),(535,158,'Se le ha trasladado el ticket #85 - Retiro de personal.',85,'2025-11-29 08:36:50',1),(536,182,'El agente de soporte te ha respondido el ticket Nro 85',85,'2025-11-29 08:37:29',2),(537,170,'Se le ha trasladado el ticket #85 - Retiro de personal.',85,'2025-11-29 08:37:29',1),(538,170,'Se le ha asignado el ticket # 1096 - Retiro de personal.',1096,'2025-11-29 09:02:53',2),(539,182,'El agente de soporte te ha respondido el ticket Nro 1096',1096,'2025-11-29 09:03:22',2),(540,158,'Se le ha trasladado el ticket #1096 - Retiro de personal.',1096,'2025-11-29 09:03:22',2),(541,182,'El agente de soporte te ha respondido el ticket Nro 1096',1096,'2025-11-29 09:03:54',2),(542,170,'Se le ha trasladado el ticket #1096 - Retiro de personal.',1096,'2025-11-29 09:03:54',2),(543,170,'Se le ha asignado el ticket # 1097 - Retiro de personal.',1097,'2025-11-29 09:06:17',2),(544,182,'El agente de soporte te ha respondido el ticket Nro 1097',1097,'2025-11-29 09:06:50',2),(545,158,'Se le ha trasladado el ticket #1097 - Retiro de personal.',1097,'2025-11-29 09:06:50',2),(546,182,'El agente de soporte te ha respondido el ticket Nro 1097',1097,'2025-11-29 09:07:19',2),(547,170,'Se le ha trasladado el ticket #1097 - Retiro de personal.',1097,'2025-11-29 09:07:19',2),(548,182,'El agente de soporte te ha respondido el ticket Nro 1097',1097,'2025-11-29 09:14:19',2),(549,113,'Se le ha asignado una tarea paralela en el ticket #1097 - Retiro de personal.',1097,'2025-11-29 09:14:19',2),(550,170,'Se le ha asignado una tarea paralela en el ticket #1097 - Retiro de personal.',1097,'2025-11-29 09:14:19',2),(551,184,'Se le ha asignado una tarea paralela en el ticket #1097 - Retiro de personal.',1097,'2025-11-29 09:14:19',2),(552,183,'Se le ha asignado una tarea paralela en el ticket #1097 - Retiro de personal.',1097,'2025-11-29 09:14:19',2),(553,182,'El agente de soporte te ha respondido el ticket Nro 1097',1097,'2025-11-29 09:16:20',2),(554,170,'Se le ha asignado el ticket # 1098 - Retiro de personal.',1098,'2025-11-29 10:42:10',2),(555,113,'Se le ha asignado el ticket # 1099 - Retiro de personal.',1099,'2025-12-02 10:36:34',2),(556,182,'El agente de soporte te ha respondido el ticket Nro 1099',1099,'2025-12-02 10:39:28',2),(557,170,'Se le ha trasladado el ticket #1099 - Retiro de personal.',1099,'2025-12-02 10:39:28',2),(558,182,'El agente de soporte te ha respondido el ticket Nro 1099',1099,'2025-12-02 10:39:58',2),(559,113,'Se le ha asignado una tarea paralela en el ticket #1099 - Retiro de personal.',1099,'2025-12-02 10:39:58',2),(560,184,'Se le ha asignado una tarea paralela en el ticket #1099 - Retiro de personal.',1099,'2025-12-02 10:39:58',2),(561,183,'Se le ha asignado una tarea paralela en el ticket #1099 - Retiro de personal.',1099,'2025-12-02 10:39:58',2),(562,182,'El agente de soporte te ha respondido el ticket Nro 1099',1099,'2025-12-02 10:40:46',2),(563,170,'Se le ha asignado el ticket # 1100 - Retiro de personal.',1100,'2025-12-02 10:41:55',2),(564,182,'El agente de soporte te ha respondido el ticket Nro 1100',1100,'2025-12-02 10:42:35',2),(565,158,'Se le ha trasladado el ticket #1100 - Retiro de personal.',1100,'2025-12-02 10:42:35',2),(566,182,'El agente de soporte te ha respondido el ticket Nro 1100',1100,'2025-12-02 10:43:03',2),(567,170,'Se le ha trasladado el ticket #1100 - Retiro de personal.',1100,'2025-12-02 10:43:03',2),(568,182,'El agente de soporte te ha respondido el ticket Nro 1100',1100,'2025-12-02 10:43:30',2),(569,113,'Se le ha asignado una tarea paralela en el ticket #1100 - Retiro de personal.',1100,'2025-12-02 10:43:30',2),(570,170,'Se le ha asignado una tarea paralela en el ticket #1100 - Retiro de personal.',1100,'2025-12-02 10:43:30',2),(571,184,'Se le ha asignado una tarea paralela en el ticket #1100 - Retiro de personal.',1100,'2025-12-02 10:43:30',2),(572,183,'Se le ha asignado una tarea paralela en el ticket #1100 - Retiro de personal.',1100,'2025-12-02 10:43:30',2),(573,182,'El agente de soporte te ha respondido el ticket Nro 1100',1100,'2025-12-02 10:44:22',2),(574,182,'El agente de soporte te ha respondido el ticket Nro 1100',1100,'2025-12-02 11:01:08',2),(575,182,'El agente de soporte te ha respondido el ticket Nro 1100',1100,'2025-12-02 11:04:17',2),(576,182,'El agente de soporte te ha respondido el ticket Nro 1099',1099,'2025-12-02 11:08:53',2),(577,182,'El agente de soporte te ha respondido el ticket Nro 1100',1100,'2025-12-02 11:11:42',2),(578,115,'Se le ha trasladado el ticket #1100 - Retiro de personal.',1100,'2025-12-02 11:11:43',2),(579,182,'El agente de soporte te ha respondido el ticket Nro 1097',1097,'2025-12-02 11:12:26',2),(580,182,'El agente de soporte te ha respondido el ticket Nro 1099',1099,'2025-12-02 11:17:34',2),(581,182,'El agente de soporte te ha respondido el ticket Nro 1099',1099,'2025-12-02 11:18:25',2),(582,113,'Se le ha asignado el ticket # 1101 - Retiro de personal.',1101,'2025-12-02 11:37:29',2),(583,182,'El agente de soporte te ha respondido el ticket Nro 1101',1101,'2025-12-02 11:37:55',2),(584,170,'Se le ha trasladado el ticket #1101 - Retiro de personal.',1101,'2025-12-02 11:37:55',2),(585,182,'El agente de soporte te ha respondido el ticket Nro 1101',1101,'2025-12-02 11:40:47',2),(586,113,'Se le ha asignado una tarea paralela en el ticket #1101 - Retiro de personal.',1101,'2025-12-02 11:40:47',2),(587,184,'Se le ha asignado una tarea paralela en el ticket #1101 - Retiro de personal.',1101,'2025-12-02 11:40:47',2),(588,183,'Se le ha asignado una tarea paralela en el ticket #1101 - Retiro de personal.',1101,'2025-12-02 11:40:47',2),(589,182,'El agente de soporte te ha respondido el ticket Nro 1101',1101,'2025-12-02 11:41:42',2),(590,182,'El agente de soporte te ha respondido el ticket Nro 1101',1101,'2025-12-02 11:44:36',2),(591,182,'El agente de soporte te ha respondido el ticket Nro 81',81,'2025-12-03 08:59:35',2),(592,115,'Se le ha trasladado el ticket #81 - Retiro de personal.',81,'2025-12-03 08:59:35',2),(593,182,'El agente de soporte te ha respondido el ticket Nro 84',84,'2025-12-03 08:59:52',2),(594,170,'Se le ha asignado el ticket # 1102 - Retiro de personal.',1102,'2025-12-03 09:01:02',2),(595,182,'El agente de soporte te ha respondido el ticket Nro 1102',1102,'2025-12-03 09:01:51',2),(596,148,'Se le ha trasladado el ticket #1102 - Retiro de personal.',1102,'2025-12-03 09:01:51',2),(597,182,'El agente de soporte te ha respondido el ticket Nro 1102',1102,'2025-12-03 09:02:54',2),(598,113,'Se le ha asignado una tarea paralela en el ticket #1102 - Retiro de personal.',1102,'2025-12-03 09:02:54',2),(599,170,'Se le ha asignado una tarea paralela en el ticket #1102 - Retiro de personal.',1102,'2025-12-03 09:02:54',2),(600,184,'Se le ha asignado una tarea paralela en el ticket #1102 - Retiro de personal.',1102,'2025-12-03 09:02:54',2),(601,183,'Se le ha asignado una tarea paralela en el ticket #1102 - Retiro de personal.',1102,'2025-12-03 09:02:54',2),(602,182,'El agente de soporte te ha respondido el ticket Nro 1102',1102,'2025-12-03 09:03:43',2),(603,182,'El agente de soporte te ha respondido el ticket Nro 1102',1102,'2025-12-03 09:05:33',2);
/*!40000 ALTER TABLE `tm_notificacion` ENABLE KEYS */;

--
-- Table structure for table `tm_organigrama`
--

DROP TABLE IF EXISTS `tm_organigrama`;
/*!40101 SET @saved_cs_client     = @@character_set_client */;
/*!50503 SET character_set_client = utf8mb4 */;
CREATE TABLE `tm_organigrama` (
  `org_id` int NOT NULL,
  `car_id` int NOT NULL,
  `jefe_car_id` int NOT NULL,
  `est` int NOT NULL DEFAULT '1'
) ENGINE=InnoDB DEFAULT CHARSET=utf8mb4 COLLATE=utf8mb4_0900_ai_ci;
/*!40101 SET character_set_client = @saved_cs_client */;

--
-- Dumping data for table `tm_organigrama`
--

/*!40000 ALTER TABLE `tm_organigrama` DISABLE KEYS */;
INSERT INTO `tm_organigrama` VALUES (33,153,185,1),(34,154,183,1),(35,155,180,1),(36,156,180,0),(37,157,184,1),(38,158,184,1),(39,162,193,1),(40,167,178,1),(41,171,184,1),(42,172,185,1),(43,174,190,1),(44,175,180,1),(45,176,193,1),(46,177,186,1),(47,178,189,1),(48,179,186,1),(49,181,186,1),(50,183,189,1),(51,184,189,1),(52,185,189,1),(53,186,189,1),(54,188,189,1),(55,190,180,1),(56,191,193,1),(57,192,193,1),(58,199,185,1),(59,193,177,1),(60,200,189,1),(61,180,200,1),(62,201,189,1),(63,202,180,1),(64,203,185,1),(65,204,185,1),(66,165,190,0),(67,182,200,1),(68,205,182,1),(69,164,190,1);
/*!40000 ALTER TABLE `tm_organigrama` ENABLE KEYS */;

--
-- Table structure for table `tm_regional`
--

DROP TABLE IF EXISTS `tm_regional`;
/*!40101 SET @saved_cs_client     = @@character_set_client */;
/*!50503 SET character_set_client = utf8mb4 */;
CREATE TABLE `tm_regional` (
  `reg_id` int NOT NULL AUTO_INCREMENT,
  `reg_nom` varchar(150) NOT NULL,
  `est` int NOT NULL DEFAULT '1',
  PRIMARY KEY (`reg_id`)
) ENGINE=InnoDB AUTO_INCREMENT=18 DEFAULT CHARSET=utf8mb4 COLLATE=utf8mb4_0900_ai_ci;
/*!40101 SET character_set_client = @saved_cs_client */;

--
-- Dumping data for table `tm_regional`
--

/*!40000 ALTER TABLE `tm_regional` DISABLE KEYS */;
INSERT INTO `tm_regional` VALUES (8,'PASTO',1),(9,'POPAYAN',1),(10,'NACIONAL',1),(11,'AMBIENTA',1),(12,'HUILA',1),(13,'CALI',1),(14,'TUQUERRES',1),(15,'EL BORDO',1),(16,'SANTANDER',1),(17,'POPAYAN 7',1);
/*!40000 ALTER TABLE `tm_regional` ENABLE KEYS */;

--
-- Table structure for table `tm_regla_mapeo`
--

DROP TABLE IF EXISTS `tm_regla_mapeo`;
/*!40101 SET @saved_cs_client     = @@character_set_client */;
/*!50503 SET character_set_client = utf8mb4 */;
CREATE TABLE `tm_regla_mapeo` (
  `regla_id` int NOT NULL AUTO_INCREMENT,
  `cats_id` int NOT NULL COMMENT 'ID de la subcategoría a la que aplica la regla',
  `est` int DEFAULT '1',
  PRIMARY KEY (`regla_id`)
) ENGINE=InnoDB AUTO_INCREMENT=102 DEFAULT CHARSET=utf8mb4 COLLATE=utf8mb4_0900_ai_ci;
/*!40101 SET character_set_client = @saved_cs_client */;

--
-- Dumping data for table `tm_regla_mapeo`
--

/*!40000 ALTER TABLE `tm_regla_mapeo` DISABLE KEYS */;
INSERT INTO `tm_regla_mapeo` VALUES (56,196,1),(57,197,1),(58,198,1),(59,199,1),(60,200,1),(61,201,1),(62,202,1),(63,203,1),(64,205,1),(65,206,1),(66,207,1),(67,208,1),(68,211,1),(69,212,1),(70,213,1),(71,214,1),(72,215,1),(73,216,1),(74,217,1),(75,218,1),(76,219,1),(77,220,1),(78,221,1),(79,222,1),(80,223,1),(81,224,1),(82,225,1),(83,226,1),(84,227,1),(85,228,1),(86,229,1),(87,230,1),(88,231,1),(89,232,1),(90,233,1),(91,234,1),(92,235,1),(93,236,1),(94,237,1),(95,239,1),(96,241,1),(97,238,1),(98,209,1),(99,210,1),(100,204,1),(101,242,1);
/*!40000 ALTER TABLE `tm_regla_mapeo` ENABLE KEYS */;

--
-- Table structure for table `tm_ruta`
--

DROP TABLE IF EXISTS `tm_ruta`;
/*!40101 SET @saved_cs_client     = @@character_set_client */;
/*!50503 SET character_set_client = utf8mb4 */;
CREATE TABLE `tm_ruta` (
  `ruta_id` int NOT NULL AUTO_INCREMENT,
  `flujo_id` int NOT NULL,
  `ruta_nombre` varchar(150) NOT NULL,
  `est` int DEFAULT '1',
  PRIMARY KEY (`ruta_id`),
  KEY `flujo_id` (`flujo_id`),
  CONSTRAINT `tm_ruta_ibfk_1` FOREIGN KEY (`flujo_id`) REFERENCES `tm_flujo` (`flujo_id`)
) ENGINE=InnoDB AUTO_INCREMENT=15 DEFAULT CHARSET=utf8mb4 COLLATE=utf8mb4_0900_ai_ci;
/*!40101 SET character_set_client = @saved_cs_client */;

--
-- Dumping data for table `tm_ruta`
--

/*!40000 ALTER TABLE `tm_ruta` DISABLE KEYS */;
INSERT INTO `tm_ruta` VALUES (1,168,'Reintegro',1),(2,168,'RUTA',1),(3,166,'Novedades',1),(4,166,'1',1),(5,166,'Registro de faltante',1),(6,166,'Registro de sobrantes',1),(7,202,'Pertenece a la regional',1),(8,202,'No pertenece a la regional',1);
/*!40000 ALTER TABLE `tm_ruta` ENABLE KEYS */;

--
-- Table structure for table `tm_ruta_paso`
--

DROP TABLE IF EXISTS `tm_ruta_paso`;
/*!40101 SET @saved_cs_client     = @@character_set_client */;
/*!50503 SET character_set_client = utf8mb4 */;
CREATE TABLE `tm_ruta_paso` (
  `ruta_paso_id` int NOT NULL AUTO_INCREMENT,
  `ruta_id` int NOT NULL,
  `paso_id` int NOT NULL,
  `orden` int NOT NULL,
  `est` int DEFAULT '1',
  PRIMARY KEY (`ruta_paso_id`),
  KEY `ruta_id` (`ruta_id`),
  KEY `paso_id` (`paso_id`),
  CONSTRAINT `tm_ruta_paso_ibfk_1` FOREIGN KEY (`ruta_id`) REFERENCES `tm_ruta` (`ruta_id`),
  CONSTRAINT `tm_ruta_paso_ibfk_2` FOREIGN KEY (`paso_id`) REFERENCES `tm_flujo_paso` (`paso_id`)
) ENGINE=InnoDB AUTO_INCREMENT=38 DEFAULT CHARSET=utf8mb4 COLLATE=utf8mb4_0900_ai_ci;
/*!40101 SET character_set_client = @saved_cs_client */;

--
-- Dumping data for table `tm_ruta_paso`
--

/*!40000 ALTER TABLE `tm_ruta_paso` DISABLE KEYS */;
INSERT INTO `tm_ruta_paso` VALUES (1,1,713,1,1),(2,3,715,1,1),(3,5,716,1,1),(4,6,717,1,1),(25,8,720,1,1),(26,8,721,2,1),(27,8,725,3,1),(28,8,726,4,1),(29,8,727,5,1),(30,8,728,6,1),(31,7,719,1,1),(32,7,720,2,1),(33,7,721,3,1),(34,7,725,4,1),(35,7,726,5,1),(36,7,727,6,1),(37,7,728,7,1);
/*!40000 ALTER TABLE `tm_ruta_paso` ENABLE KEYS */;

--
-- Table structure for table `tm_subcategoria`
--

DROP TABLE IF EXISTS `tm_subcategoria`;
/*!40101 SET @saved_cs_client     = @@character_set_client */;
/*!50503 SET character_set_client = utf8mb4 */;
CREATE TABLE `tm_subcategoria` (
  `cats_id` int NOT NULL AUTO_INCREMENT,
  `cat_id` int DEFAULT NULL,
  `pd_id` int DEFAULT NULL,
  `cats_nom` varchar(255) DEFAULT NULL,
  `cats_descrip` mediumtext,
  `est` int DEFAULT NULL,
  PRIMARY KEY (`cats_id`)
) ENGINE=InnoDB AUTO_INCREMENT=243 DEFAULT CHARSET=utf8mb4 COLLATE=utf8mb4_0900_ai_ci;
/*!40101 SET character_set_client = @saved_cs_client */;

--
-- Dumping data for table `tm_subcategoria`
--

/*!40000 ALTER TABLE `tm_subcategoria` DISABLE KEYS */;
INSERT INTO `tm_subcategoria` VALUES (196,75,3,'Reabrir Documento','Tipo documento:<br />\nNumero documento:<br />\nAmbiente (Arpesod, Financiera o N/A):<br />\nMotivo:<br />\nNota:  Proceso NO aplica para Facturas electónicas<br />\nNota: Enviar PDF de recibo (si aplica)',1),(197,75,3,'Anular Documento','Tipo documento:<br />\nNumero documento:<br />\nAmbiente (Arpesod, Financiera o N/A):<br />\nMotivo:<br />\nNota:  Proceso NO aplica para Facturas electónicas<br />\nNota: Enviar PDF de recibo con anulado',1),(198,75,3,'Activación de talonarios','Centro de costos:<br />\nNombre del centro de costos:<br />\nDesde:<br />\nHasta:',1),(199,75,3,'Devolver  consecutivo','Tipo documento:<br />\nNumero documento:<br />\nAmbiente (Arpesod o Financiera):<br />\nMotivo:<br />\nNota: Esta solicitud solo aplica al último consecutivo usado.',1),(200,75,2,'Traslado de anticipos','<p>Tipo y n° de documento:&nbsp;</p><p>ID cliente:</p><p>Valor:</p><p>Ambiente inicial (Arpesod o Financiera):</p><p><span style=\"font-size: 1rem;\">Ambiente final (Arpesod o Financiera):</span></p><p>Motivo:</p>',1),(201,75,1,'Reimpresiones','<p>Tipo Documento:</p><p>Número Documento:</p><p>Ambiente: Arpesod o Financiera</p><p>Motivo:</p>',1),(202,76,1,'Reversión de anticipos','Tipo Documento:<br />\nNúmero Documento:<br />\nMotivo:',1),(203,77,1,'Reembolso de caja menor','<p>Envío relación de caja menor para reembolso</p><p><br></p><p>Nota: Enviar adjunto&nbsp;</p>',1),(204,77,1,'Legalización de provisionales','Motivo:',1),(205,78,3,'Reabrir caja','Tipo Documento:<br />\nNúmero Documento:<br />\nMotivo:',1),(206,78,3,'Registro de sobrantes','Motivo:<br />\nFecha de descuadre:',0),(207,86,3,'Envio de arqueo diario','<p>Fecha:</p><p>Centro de costo:</p><p>Regional:</p><p>Nota: Adjuntar escáner de arqueo y auxiliares de caja</p>',1),(208,78,1,'Ajustes de cuenta puente','Tipo y N° de documento:<br>\r\nMotivo: <br>\r\nNota: Enviar PDF de soportes',1),(209,79,1,'Solicitud compra de mercancía con anticipo','Nota: Envío formato VP-F001 y anticipo',1),(210,79,1,'Solicitud compra de mercancía sin anticipo','Nota: Envío formato VP-F001',1),(211,80,2,'Validación de convenios','Nota: Envío formato para validación de convenios con información de pagos.',1),(212,80,2,'Validación de pagos QR','Nota: Formato plano para convenios QR',1),(213,80,2,'Confirmación de pagos electrónicos','<p>Por favor confirmar este pago:<br>\r\n<br>\r\nCC CLIENTE:<br>\r\nNOMBRE CLIENTE:<br>\r\nFECHA DE PAGO:<br>\r\nCARTERA A APLICAR:<br>\r\nNOVEDAD:</p><p>APLICACION EN CAJA:</p><p>\r\n<br>\r\nNota: Adjuntar soporte de pago claro y legible</p>',1),(214,80,2,'Confirmación de cheques','Por favor confirmar este pago:<br />\n<br />\nCC CLIENTE:<br />\nNOMBRE CLIENTE:<br />\nFECHA DE PAGO:<br />\nCARTERA A APLICAR:<br />\nNOVEDAD:<br />\n<br />\nNota: Adjuntar soporte de pago claro y legible',1),(215,81,3,'Recibos doble cartera FNS','Recibo a reversar:<br />\nMotivo:',1),(216,81,1,'Recibos descuadrados ARP y FNS','Recibo de ARPESOD:<br />\nRecibo de FINANSUENOS:<br />\nMotivo del descuadre:<br />\n<br />\nNota: Anexar RM (Si aplica)',1),(217,82,3,'Anulaciones aliados de financiamiento (Sistecrédito y ADDI)','Plataforma (ADDI ó Sistecredito):<br>\r\nCC Cliente:<br>\r\nNombre Cliente:<br>\r\nValor:<br>\r\n# Cupo sistema:<br>\r\nMotivo de Anulación:',1),(218,82,1,'Envio facturas a la DIAN','Motivo:<br />\nFactura:',1),(219,82,1,'Ajuste de facturación','Motivo:<br />\nFactura:<br />\nCliente:',1),(220,83,3,'Pagos por caja','Tipo Egreso:<br />\nValor:<br />\nDoc Cruce:<br />\nNit:<br />\nModelo:<br />\nDestino:<br />\nDetalle:',1),(221,83,2,'Devolución de efectivo a clientes','Motivo:<br />\nDoc scaner de recibo (Firmado con huella del cliente):',1),(222,83,1,'Pagos por tesorería con registro previo','<table border=\"0\" cellpadding=\"0\" cellspacing=\"0\" width=\"250\" style=\"width: 187pt;\"><tbody><tr height=\"134\" style=\"height:100.8pt\">\r\n  <td height=\"134\" class=\"xl66\" width=\"250\" style=\"height:100.8pt;width:187pt\">CC.O\r\n  NIT:<br>\r\n    N° Factura:<br>\r\n    Cruzar con:<br>\r\n    Detalle:<br>\r\n    Valor:<br>\r\n    Fecha de Vencimiento:<br>\r\n    </td></tr></tbody></table>',1),(223,83,3,'Pagos por tesorería sin registro previo','CC o NIT:<br />\nNombre:<br />\nValor:<br />\nConcepto y detalle del pago:<br />\n<br />\nNOTA: Enviar PDF de soportes (certificado bancario, Rut y factura electronica o Cuenta de cobro)',1),(224,83,1,'Pagos de nómina','Prefijo nómina:<br />\nN° nómina:<br />\nValor:<br />\nDetalle:',1),(225,83,1,'Pagos a empleados','CC o NIT:<br />\nNombre:<br />\nValor:<br />\nConcepto y detalle del pago:<br />\nDoc Cruce:',1),(226,83,1,'Pagos seguridad social','Valor:<br />\nDetalle:<br />\n<br />\nNota: Enviar relación de pago por regional',1),(227,83,1,'Pago libranzas','Detalle:<br />\nValor:<br />\n<br />\nNota: Enviar relación que contenga: NIT, Razon social, Valor, Documento cruce)',1),(228,85,3,'Aplicación de facturas de mercancía en consignación  (EC)','Facturas eléctronicas<br />\nDetalle:<br />\nFormato de excel (Tipo y n° de EC, Costeo y n° de factura):',1),(229,85,2,'Aplicación de Nota crédito','Nota: Enviar nota crédito en pdf/zip',1),(230,85,3,'Aplicación de Nota crédito por novedad en facturación','N° de nota de crédito<br>\r\nN° de factura<br>\r\n<br>\r\nNota: Enviar en formato pdf',1),(231,85,3,'Ajuste de inventario (NE11)','Regional:<br />\nDetalle:<br />\n<br />\nNota: Enviar relación de excel para aplicar',1),(232,85,1,'Correr costeo por procesos de ajustes o novedades en doc electrónicos','Detalle:',1),(233,86,3,'Soportes incompletos de arqueo diario','<p>Tipo documento:</p><p>\r\nMotivo:</p><p>\r\nFecha: </p><p>                                                                                                                                                                                                                                                                                  Modulo:<br>\r\nNota: Envio PDF de soportes</p>',1),(234,86,3,'Falta relación de manuales en el arqueo diario','Tipo documento:<br />\nMotivo:<br />\nFecha:',1),(235,86,3,'Error en datos del arqueo','Motivo:<br />\nFecha:                                     Modulo:',1),(236,86,2,'Envío de soportes incompletos físicos del movimiento diario','Tipo documento:<br />\nMotivo:<br />\nFecha:',1),(237,86,2,'Envío de movimientos de caja fisico por fuera del tiempo','Motivo:<br />\nFecha:',1),(238,87,3,'Planes Retanqueo FinanSueños - FinanSueños','Cédula:<br />\nFactura antiguo:<br />\nDesembolso antiguo:<br />\nSaldo DF:<br />\nFactura nueva:<br />\nDesembolso nuevo:<br />\nBase lista de precios:',1),(239,87,3,'Planes Retanqueo Arpesod - Arpesod','Cédula:<br />\nFactura antigua:<br />\nSaldo:<br />\nFactura nueva:<br />\nSaldo:<br />\nNuevo N° Cuotas:<br />\nNuevo valor cuotas:<br />\nFecha pago cuotas:',1),(240,88,2,'Gastos Viaje Sin Anticipo','ANEXAR FORMATO LEGALIZACION  PDF',1),(241,87,3,'Planes Retanqueo Arpesod - FinanSueños','<table border=\"0\" cellpadding=\"0\" cellspacing=\"0\" width=\"198\" style=\"width: 149pt;\"><tbody><tr height=\"154\" style=\"height:115.2pt\">\r\n  <td height=\"154\" class=\"xl65\" width=\"198\" style=\"height:115.2pt;width:149pt\">Cédula:<br>\r\n    Factura antigua:<br>\r\n    Saldo:<br>\r\n    Factura nueva:<br>\r\n    Saldo:<br>\r\n    Nuevo N° Cuotas:<br>\r\n    Nuevo valor cuotas:<br>\r\n    Fecha pago cuotas:</td></tr></tbody></table>',1),(242,89,3,'Retiro de personal','Nota: Hacer entrega de carta de terminación / Adjuntar carta de renuncia (Debe especificar la fecha de retiro)',1);
/*!40000 ALTER TABLE `tm_subcategoria` ENABLE KEYS */;

--
-- Table structure for table `tm_ticket`
--

DROP TABLE IF EXISTS `tm_ticket`;
/*!40101 SET @saved_cs_client     = @@character_set_client */;
/*!50503 SET character_set_client = utf8mb4 */;
CREATE TABLE `tm_ticket` (
  `tick_id` int NOT NULL AUTO_INCREMENT,
  `usu_id` int NOT NULL,
  `cat_id` int NOT NULL,
  `cats_id` int DEFAULT NULL,
  `pd_id` int DEFAULT NULL,
  `emp_id` int NOT NULL,
  `dp_id` int NOT NULL,
  `reg_id` int DEFAULT NULL,
  `paso_actual_id` int DEFAULT NULL,
  `tick_titulo` varchar(250) CHARACTER SET utf8mb3 COLLATE utf8mb3_spanish_ci NOT NULL,
  `tick_descrip` mediumtext CHARACTER SET utf8mb3 COLLATE utf8mb3_spanish_ci NOT NULL,
  `tick_estado` enum('Abierto','Cerrado','Pausado') COLLATE utf8mb3_spanish_ci DEFAULT 'Abierto',
  `error_proceso` int DEFAULT NULL,
  `fech_crea` datetime DEFAULT NULL,
  `usu_asig` varchar(255) COLLATE utf8mb3_spanish_ci DEFAULT NULL,
  `how_asig` int DEFAULT NULL,
  `ruta_paso_orden` int DEFAULT NULL,
  `ruta_id` int DEFAULT NULL,
  `fech_cierre` datetime DEFAULT NULL,
  `est` int NOT NULL,
  `usu_id_jefe_aprobador` int DEFAULT NULL,
  PRIMARY KEY (`tick_id`)
) ENGINE=InnoDB AUTO_INCREMENT=1103 DEFAULT CHARSET=utf8mb3 COLLATE=utf8mb3_spanish_ci;
/*!40101 SET character_set_client = @saved_cs_client */;

--
-- Dumping data for table `tm_ticket`
--

/*!40000 ALTER TABLE `tm_ticket` DISABLE KEYS */;
INSERT INTO `tm_ticket` VALUES (71,128,75,197,3,11,10,15,636,'ANULAR RM02-61397','Tipo documento:RM02<br>\r\nNumero documento:61397<br>\r\nAmbiente (Arpesod, Financiera o N/A):ARPESOD<br>\r\nMotivo:ERROR EN NUMERO DE CEDULA<br>\r\nNota:  Proceso NO aplica para Facturas electónicas<br>\r\nNota: Enviar PDF de recibo con anulado','Abierto',0,'2025-11-20 13:57:03','117',128,0,0,NULL,1,NULL),(72,114,75,196,4,11,10,9,635,'REABRIR RS01-40015','Tipo documento: RS01<br>\r\nNumero documento:20472<br>\r\nAmbiente Arpesod<br>\r\nMotivo: SE CRUZO CON LA CUENTA PUENTE Y EL CLIENTE CANCELO EN EFECTIVO<br>\r\nNota:  FAVOR REABRIR EL RS PARA CAMBIAR LA CUENTA<br><br>','Abierto',0,'2025-11-20 16:55:26','115',114,0,0,NULL,1,NULL),(73,130,75,198,3,11,10,9,637,'ACTIVACION DE TALONARIO','<p>Centro de costos: 1010201<br>\r\nNombre del centro de costos: CAJA EL CACHO<br>\r\nDesde: 267501<br>\r\nHasta: 267550</p><p>Gracias</p>','Abierto',0,'2025-11-21 12:29:50','115',130,0,0,NULL,1,NULL),(74,132,75,201,1,11,10,12,640,'REIMPRIMIR EB12-258','<p>Tipo Documento: EB12&nbsp;</p><p>Número Documento: 258</p><p>Ambiente: Arpesod&nbsp;</p><p>Motivo: PROBLEMAS DE SISTEMA&nbsp;</p>','Abierto',0,'2025-11-21 13:38:44','125',NULL,0,0,NULL,1,NULL),(75,132,86,207,3,11,10,12,648,'cierre del dia 21 nov','<p>Fecha: 21-11-2025&nbsp;</p><p>Centro de costo: 70101&nbsp;</p><p>Regional: HUILA</p><p>Nota: Adjuntar escáner de arqueo y auxiliares de caja&nbsp;</p><table border=\"0\" cellpadding=\"0\" cellspacing=\"0\" width=\"890\" style=\"width: 669pt;\">\r\n <colgroup><col width=\"177\" style=\"mso-width-source:userset;mso-width-alt:6473;width:133pt\">\r\n <col width=\"161\" style=\"mso-width-source:userset;mso-width-alt:5888;width:121pt\">\r\n <col width=\"156\" style=\"mso-width-source:userset;mso-width-alt:5705;width:117pt\">\r\n <col width=\"149\" style=\"mso-width-source:userset;mso-width-alt:5449;width:112pt\">\r\n <col width=\"118\" style=\"mso-width-source:userset;mso-width-alt:4315;width:89pt\">\r\n <col width=\"129\" style=\"mso-width-source:userset;mso-width-alt:4717;width:97pt\">\r\n </colgroup><tbody><tr height=\"55\" style=\"mso-height-source:userset;height:41.25pt\">\r\n  <td rowspan=\"2\" height=\"84\" width=\"177\" style=\"border-bottom:1.0pt solid black;\r\n  height:63.0pt;width:133pt\" align=\"left\" valign=\"top\"><!--[if gte vml 1]><v:shapetype\r\n   id=\"_x0000_t75\" coordsize=\"21600,21600\" o:spt=\"75\" o:preferrelative=\"t\"\r\n   path=\"m@4@5l@4@11@9@11@9@5xe\" filled=\"f\" stroked=\"f\">\r\n   <v:stroke joinstyle=\"miter\"/>\r\n   <v:formulas>\r\n    <v:f eqn=\"if lineDrawn pixelLineWidth 0\"/>\r\n    <v:f eqn=\"sum @0 1 0\"/>\r\n    <v:f eqn=\"sum 0 0 @1\"/>\r\n    <v:f eqn=\"prod @2 1 2\"/>\r\n    <v:f eqn=\"prod @3 21600 pixelWidth\"/>\r\n    <v:f eqn=\"prod @3 21600 pixelHeight\"/>\r\n    <v:f eqn=\"sum @0 0 1\"/>\r\n    <v:f eqn=\"prod @6 1 2\"/>\r\n    <v:f eqn=\"prod @7 21600 pixelWidth\"/>\r\n    <v:f eqn=\"sum @8 21600 0\"/>\r\n    <v:f eqn=\"prod @7 21600 pixelHeight\"/>\r\n    <v:f eqn=\"sum @10 21600 0\"/>\r\n   </v:formulas>\r\n   <v:path o:extrusionok=\"f\" gradientshapeok=\"t\" o:connecttype=\"rect\"/>\r\n   <o:lock v:ext=\"edit\" aspectratio=\"t\"/>\r\n  </v:shapetype><v:shape id=\"Imagen_x0020_2\" o:spid=\"_x0000_s2050\" type=\"#_x0000_t75\"\r\n   style=\'position:absolute;margin-left:15pt;margin-top:3pt;width:132pt;\r\n   height:57.75pt;z-index:2;visibility:visible\' o:gfxdata=\"UEsDBBQABgAIAAAAIQA0Ev94FAEAAFACAAATAAAAW0NvbnRlbnRfVHlwZXNdLnhtbKSSy07DMBBF\r\n90j8g+UtSpyyQAg16YLHEliUDxjsSWLhl2y3tH/PJE0kqEo33Vj2zNy5x2MvVztr2BZj0t7VfFFW\r\nnKGTXmnX1fxj/VLcc5YyOAXGO6z5HhNfNddXy/U+YGKkdqnmfc7hQYgke7SQSh/QUab10UKmY+xE\r\nAPkFHYrbqroT0ruMLhd56MGb5RO2sDGZPe8ofCAJruPs8VA3WNVc20E/xMVJRUSTjiQQgtESMt1N\r\nbJ064iomppKUY03qdUg3BP6Pw5D5y/TbYNK90TCjVsjeIeZXsEQupNHh00NUQkX4ptGmebMozzc9\r\nQe3bVktUXm4szbCcOs7Y5+0zvQ+Kcb3ceWwz+4rxPzQ/AAAA//8DAFBLAwQUAAYACAAAACEArTA/\r\n8cEAAAAyAQAACwAAAF9yZWxzLy5yZWxzhI/NCsIwEITvgu8Q9m7TehCRpr2I4FX0AdZk2wbbJGTj\r\n39ubi6AgeJtl2G9m6vYxjeJGka13CqqiBEFOe2Ndr+B03C3WIDihMzh6RwqexNA281l9oBFTfuLB\r\nBhaZ4ljBkFLYSMl6oAm58IFcdjofJ0z5jL0MqC/Yk1yW5UrGTwY0X0yxNwri3lQgjs+Qk/+zfddZ\r\nTVuvrxO59CNCmoj3vCwjMfaUFOjRhrPHaN4Wv0VV5OYgm1p+LW1eAAAA//8DAFBLAwQUAAYACAAA\r\nACEAPOrbJ9UCAABWBgAAHwAAAGNsaXBib2FyZC9kcmF3aW5ncy9kcmF3aW5nMS54bWykVV1v2yAU\r\nfZ+0/4D87vojGDtW0yqxnarStlbrpj0TTGJrNlhA0lZV//su/mirfk3r8pAAFw7nnnMvOT69aRt0\r\n4ErXUiyc4Mh3EBdMlrXYLZyfP9Zu4iBtqChpIwVfOLdcO6cnnz8d03SnaFfVDAGC0CldOJUxXep5\r\nmlW8pfpIdlxAbCtVSw1M1c4rFb0G5LbxQt8nXktr4Zw8QuXUULRX9QegGsl+8zKj4kA1QDYsfboy\r\ncmzY/yPTVBzOVHfVXSrLnH07XCpUlwsHlBO0BYkcbwyM22DqPTu1ewS42arW7pfbLboBBxISxQB1\r\nu3BwFPrxAMZvDGI2SpLZnECYQTyeBSQIxtuqi/fOs6p4HwEIDkRg8IRcVzPLTRwua/Y839mU73lL\r\nd1ygsHcSmH7Rxh6ynHsv79brcBUVa+yuYeRif4XdVYHn7jqcJUUYr7NwRu7t6YCkTHFqoBbPy6mu\r\nAvLCtLZmSmq5NUdMth4oVzM+1RZUVoCHyuptucujeFkkycotAgK350XoznGcuCH2/SjICxL50b1V\r\nEVIHztNvnwUs9QbbfOzAqjDZ+SDJpqm7dd00SEnzqzbVVUU7KIOg18MGx0zUizxe6ZAhmVyyfcuF\r\nGdpE8abXRFd1px2kUt5uOFScOi+HS14TPUyWvj8PV24W+RmIHhfuEvJ2Y7+IsY+TIAuyQXSc7jX/\r\nIhlt8q5+UB2/YPs31f1R9QNtbDe8qaiVxAqqFfvOmUGwm4QkdJCBwTyCBweUipIIO2gDMsKnB4MD\r\nRnHDqgF4Ur1HgmZEm+uvsgTd6d7IXvp/66yYJHEcj50VklkwHzOYYDqlzRmXLbIDEB+o99fQA5TK\r\nwGnaYjk1wn4LaStjiA4rr3kVzQgGr4i7XOaxi3GeuKsVjLKsmGPochwVD17pipby+mKj2V7xxyb5\r\nsF1v2qT7Fw46oH8EvGcvat8m4z+Afbafzk/+AAAA//8DAFBLAwQKAAAAAAAAACEAT4+XR50SAACd\r\nEgAAGgAAAGNsaXBib2FyZC9tZWRpYS9pbWFnZTEucG5niVBORw0KGgoAAAANSUhEUgAAAWkAAACM\r\nCAMAAACJW6j5AAAA/FBMVEX/////AAAAM5kAAAAAKpYALJcAMZgAJZUAL5gAKJYAG5IAIpQAHpP/\r\ns7MAIJQAF5L/goJneLYAGJL/09MAD5CToMru8PdVaa+3v9sHOJwaQZ+Ajb//mZn/k5Nvf7n/9fXU\r\n1NQTExO7u7v/2toAAI3Hx8f/7++UlJT/ra3/enpecLGqtNX/wcH/PDzu7u7/4uL/amr/u7spS6P/\r\nXFz/ysr/UVGvr68jIyPh4eH/ZGT/oaH/cnLO1Of/IiL/RUXL0ORBQUGmpqZTU1Pf4+9EXKn/NDT/\r\nGxuBgYFtbW0tLS3/ioqIlsW6wtw0NDRJSUmstNRkZGQmR6E6VaaIiIiMiMXwAAARXElEQVR4nO1d\r\niVbiShANhECICAIBdwibijjgCqgoIigq7v7/v7yq7iQkkA3GGSa+vueIIemlcru6qnpJ4DgGBgYG\r\nBgYGBgYGBgYGBgYGBns0To8A6Z1Fy/GzcbByF9BxvpdftDw/FKfngUmcpBct1A/E3v0Uz4izxqIF\r\n+2HYs6SZYGvRsv0kpK/siQa1XrR4PwdVJ54B9ywO+RaUrA20CYzqb8CFO88AFu/9Ng49ER34tWg5\r\nfY9rb0QHAiuLltTfyDvGHGacLlpYP2PHgy8cY9HS+hj5WXgOBLYXLa9vkZ9JowMs1JsbM9hoiuqi\r\nJfYpzmYlmgXV88FtBG4FZqnngMPcnQMWLbUPUZqL6MDBouX2HyYpvFw+LaWPnu6s6DXgcNFy+w4n\r\nJv7ujvQLjRMbjlUsUGZfYtnE3rLp2oEj02xIPhN2jNydTIZuDSemnxYisG9hjKQtFgnTDkzf/X1p\r\nfYwjA3NHVgmeHKhmg5cZYODNJmpzYJoZau9YcdFowJY90xd/VVZfo+GBtR17pi//pqz+xjhgdpia\r\n+2XLNHOJXjEOLJzWYB184l+T1O8Yr9A6zesf2TPNgg9vONUZW3ZK5jABxTZEeoOu0s577RxcItvm\r\n6wljK+2yJmjPNJs49QQ98HDbqWvPtMnqZE2AE6NkMpn5c/LboZZM7ncmTz6DLDk8yMHB2t8VaBxL\r\nuyR02J+wZ0y3X07okCNwYnUpFM95FaeW28x9T7MI0cjx1MlMKhQV8WA9GpJIPRmosPYtFbpBHx46\r\nukPOcT7PNNxJhoI6xHU4sSoEQ56ZTsai8dV57mMSz1JQ7k+drS0FwygTtyEGI4Tp1Xg0lvRYJumi\r\nc0Nj68ot4ekMTIdFCmFmpnOhoLA/x21MYSAnNqfP6kyLKalMmN4H6bwxnd2srWXm72/6AoCbSjut\r\n504yHQ4eq/jkFsU01xlZnNSZ7gKIyntmOpvrbOY6WYvm8wY9xHNN6bBFYZJp8dN4YoLpbL8z0av7\r\nnY7eLS2Y7mftMmY7k2cgkV5oP2tOi1d0pnXsT+iBURjT9xFXy2Q/uNq0SfKEhiVZlrAn2uwRkWmT\r\nKzIxXfuQJSkhJ3V5+7lEQpLkddItR2U08oJcRlO9WpbLz1xG7eVrx3IKMu6Pb3QUxaLim4SIN0i8\r\nz3U+yoTH/r6ckFLyx5uWtvMpw/fNMdMRSA9Kv1kWoMKQXKZqnaXCbOguMiNCHXJoBHVA5kz/g+vP\r\nGbHoc6FuCXeclm1NlseJ6eyxJIIRh3srqwavVo6Gie+MfcDdZCLUk5L+DAXFOrlEmHiuQUqkV7SM\r\nnXiEZAxH4hjLrcWhkk5ZJFVnkD8xHBQltXO9lTF3OD6oRcwecRSlFUaJgG+yURisVQqDy4E6pC4y\r\nvfq5xnWe5yJa34fnMPGZT++tuOwiMy0FINMfnW5Xt4QGpj+icLviRgqIkGv03lCHl5A09J4jomJi\r\nTN6nBQnJOGQARo6BkXB0CTVeJlT3ZeBOjETwE2MMYFrcD4eDAjCdgUJD0kZ0CRgkbd4phzF7RBDW\r\nw2amN7GYoBCTUcA1GcWIoDAhkigjAcmDz1QknOqD2ai9cevcnHZaNx7W4+nS0dOJl82nptwYe4gS\r\ngbxpZnoEvMWg92UH4DVlUJtsAu5KWq1lgtGlRPCZ63chsTjoPnfUggQxtrTxxmXiUGZ0VEtKSDXq\r\n2wcwFPnMZI4jkVQ0Q5gGLY6kNlahEcLBaDJLiApiM3GfAs2+KiHjRqb73YEYFFZphSm4GgNh1iF5\r\nBCVeF4MStGJ2VEa1yHXxsDsf07bGo3Gwdeh936lphskQT0cnmAZeaRDLCXA0otYiRpR7kKEG2OAR\r\nCdMfpLPGQRXDSPCaREvtJuA/sa3JERkIItPhWAbTbEahU5ES4CgcRf3HyB4v1aTgZDw99ogZ6ANL\r\n5NyxSNsT8klELCobxHiZOf2hPrtv2Eiwc3pxaT/pbw3TrCnR6RgB6ZNjprsSSk7G6EmBsPEpTsQp\r\nE0yrjHVSoJzUu6HOr1MO48Z8yLREB99goKMjMinQhZOpDleDf7FnrUwLpqk7HEDRG7Q+7AzQ90LQ\r\nwLH9t98ar6isalSV6Pe9Fc8PE5lgKpQQ1H0mMNtpcPxAh4yA/hlOQARAVdsAM9MC5eANqErQ+wWX\r\nFpQp4QNjPmRaJkdZNP1RUgucwxYaRfRmeZsaI46ZjmidkONiapcDRxoOxeXj3x6uL5uomvHBizHM\r\nw0v72INEFkJUQ5njJN2caLBkGpsopVOFHZtYV2M+A9MJdKp6LeB5IcAIi5xWki3TqbEwoMyE9Of1\r\nRBR9blyc12qouFSpoquHLtvv7GHeA2nPNBIm5DZ1gMsJTw4fLZl+RitA7xXNRoJWsmHMN2Yaras4\r\nGNfSIS2col3CSafhlFofNpZKeme0IYdoYPQ70KgiOw8cZvpdYN7vYT9G7MMNxEy+G8x1eIlwoOmM\r\nJdNoENSODa4US8dGk0hR6kjQwDT4M/MwE/2DaqT2rey0WgtUHY6T0kjT6IL24YLVbNUM0GM8sgTg\r\nMIPkjHNzqeh0NtZqKjjCdBg8f5/cntoIx8cZdF8YQgjHfTKAST5n1dsVu2TOYsw0CdNwkhPDQxKs\r\nZCGSC4eAjG48tVrLmphGB0h5yizl1rDQpbCaPUcsd3eC6XCYVIjCiEQYaBkxyKEnpgNCaOjEbzGt\r\nmWlqZ5223jlhcj2dzOUtqShniR5BMJIANevikGK99gwRqxiXMPEARiRiaj0CnTpUxvAgh0OUmFTu\r\nmJjulIGhyNI6Dnmo1RhhvCaJIgzihPKmiWkMg8Opzec3CJ+jZeQKA+tgJLaeioqiWoDONBEXKuyr\r\nwiTWo9gcMuY7FqSNzHMXZAqnfodofWpaHSDO/NwWwdQTzcb5aRIx4LBDvb8MqKIYicPILqTa3Q30\r\nkmEcUMikf6M+BamVNDDN1XD4hslgPEfNBR2F4Jk4BiFGpvtxaJBoHD7VQrlBnNYSOgZXSryIzjSV\r\nLriEHWV9LMwmaV8BpY1BA6SsJga9Q9vtr00QXWxbYcsJR9MbEPalyBio09x6XBBCRL25tWgsKohC\r\nRB5oQWquHAkJQjSeUmeDPmKQOILDcShI0u3tsyBNZMzI8RAplxjwNRkq0xJnB3IEEkdjcW06KAcn\r\nBBihZzNyKLpBZIrQYT2VLlImniQpU2EkGtb1V+WlqCAIkfLcc6UUmlp+79L2W8aAEfUwq4OcNrpa\r\nyw0GqyPDAl8/sz8Y5PRZN0y8TxJjQePT3PPmREaulhwMkhnKfH8ElRkKHa1CoWvmE2ThsLa/iulQ\r\nuO5EhRbCZGso7twjQxVmh8jw56BvSlq0ID8e2vTSH9vAmC5NbW7Kp0v/wx6kvZnmT70mLG+xdTU9\r\nsUDDna5c311Xf/hed2026U89ZJ+3CAHT5gWahhb+3P1oTbeNiL8J7kyTwdLl0+FPd8sa0x6esT+w\r\nm029c1jpdWUaZ1po/u1A4H72G/AL9Bkl9zdnrtjwjLB6LiZ/sHdqZLpxtHdAddbE9Nn4y5M6TZVe\r\nXj6lg6Gdkjpp3tAOoNQj3cWOE/77aHhm2nHuyYLpLfWCynSJLuGcIzFGpktGZ4wXd6oGc1bVos9r\r\nepCnDvwqbUjok2dOdf5crYfjM/rTyQkNV2AYKGf4KHR1C1+u3DAzvT0533oPCS8uruns4IpW9Bk5\r\n2FELJU0b0BL64+0A+sPgbh7R8bUf04ELlnsA1JzTooGiazzduEdTbGT6ZPKxjWXau6pkfmCC6Suq\r\nwcukbdWEl/qy3L+NI3uyzHAi2uJWf2mqekiYvtT4LCHJRqbvbEanO6SbmZk+0hTiNG1K6Iu3M+tM\r\nu4xcLp2Inn7YS9NhcrSC7aTt2rkLnJiY/mXBdCPdyHOk8c1Mn0/qv5rQF5ZaX6513s/rvBQz7Q/T\r\nuqKR2AP87tUvCjQfRqYvp4JoGuPcWTB9b5ZST+iL932OX+jhmMyRaIusaX03pca0MbmR6eXJkTl6\r\n0XR6+dCCabM+3OsJfcH0+PlCJ7fi/Npei3FLQ48ICNN58zqjKZ42Dlf2SCySV89PMX1mbNSncUKf\r\nMb1nn2jZgWab3nCvGYVTQoTZGpuYvhi3wmXgKn+meQzC9JO6Ca1BqrnQWjWfR9pPtIS+YHr8yp8T\r\n2zSO76qx2XQNpNyhyuGToiukGqrjVawnbQrfISK+RjobZ2gdDtU2WSFOdI/S2LinDRqgEU3+LnCd\r\nPx8n9MUrKA2uzjaNM9E2+XCOpLoN0fIZCYwhPL4+KB2ckYbBpju/08fUZPRI5lTu89gmv05LR9cB\r\nEifiUOVkG9jfJhEGSnu2jYOic1NCPzx0atBXu2dcXHZC2s0uqZuhGlv0mdBtYy2kyHHEol0j0Zo6\r\nvZK+IPnUhYpSiWqutkkCFV0djJe2/PHQqWHPks2qi9v2Mdui0ysnl2j8L6pEe3cuLk+q2q9IbV2u\r\nGH9QKr/8VH06MOTD9tgi+U6rJ1X8dlSlLXNUPTncot0hXaUJt6u+eGTdwJnlmsf070CZYfd2G4ZJ\r\nGHb7Ww1e3DSavT/FM4xUTkVLedfd6r6Y3Pk3YHoJzYRTdN+kx16+5B3mUYkpkHBaZFGxKKn9iImX\r\n0JzobtzLLxQxdzgLJtk720uXyLyNO+yHlQwWmONXATT4ZbH0H4HDax1d4DgyU3YpmrPKo9w220PP\r\nqSsK/d98qc9SSfuxOEvy78Gcr6t3m9dBpgvDOZj+4opf3lnjX+n/wu5MlTzczpT8mzAn0a4vXYHb\r\nV/607FxhIZTNCadXHTvAw8auggIfxRv4qPPw0Su8tHr0SvvmsfDeBpVE7b2pkIutFvboW6XH8++Y\r\nplngyZn6bat1q9B89Xeev8FjSMR/Qf6XR77I1YfwDS3OLt+GBGodxVeef8GiuQee3+1BVT2+wtEP\r\nfiENNJ/58DJ9VlA4A9PKIxyoxgQZqGhM45cvuPX6CxD7/vrFtYE9oF7hFB7Sv8OfopBs9dZjRbnl\r\n8cJuuwkF91o3zTbXfq20e0j8bqv1/tXiqfEZ7raVVzx+Lbz3Xl4Ki2faec+MDTz9VE5B4QxMF1/G\r\nV/iK+l/VaaLzXLsFvKJuPoDV5TFzpQCXe3q2HjlZeOeKmuJq1qPOvUBD7haA7odCm9NOFqHNKqSL\r\n/BNMz/FbOd62DRUUzmg9hvxtT/V1lZfHIV7UmFYK7whIdYtaP9wFveZIvjqnvLYe1IZ5eHx5eXwp\r\nAP23YGLQtBCmwaa0Wi8ttB5Q6BdPmS62+NZjqwnUYsKHf8B6zOETr72VW1A4I9NgBL54LayoFx97\r\nY+vR5usEY6br5JL6Wbmhcd+w0FQQeK75iqaFMP0A+spNMt1Gy12ENMUC6v/7v6DTM4fUHsIOgoIC\r\nHwpVZ+zLgEeqnXhcvKVWpIIfj0gwBsca0xzYazh4p2mVFslW4R/geAiWuYdUQqrCTVvhXuFquzDB\r\ndAUvDwvYZo8KuFdgulkYQu8BNV8Y0zMq9b3XsSGxqlzrtnfTBDZ3H3uV4SO5UOe/is1CkTDx8DAc\r\nIm1fxWFB12lguQ5+7PYRzvAPxeKLapZ3+dYNhtBNvnBbQEZfWvwNfGvdtB7ASKhMk2q5G/6GHyL/\r\nGKfcoE7X+QJEJph/YUzPZKk9E80ViRrXe702CTTavfE4prjbI5rX3AV3WKFHZNiGCdVQo0jPcJXd\r\nXUXL1+71SOp6cbdJDEsPYg9O6UGoBwUqWKNSVC1Us6dwFaxR6TWJnYbckKkIpRYrczL125gh/Ljy\r\n52zHe0FZtAgELls6DPDrctaQ9z6Z8kfhZTYa4d+J0krbPc1fgdsaOIUv9mX96/DyKjHXF8wyeIGr\r\nV7zyxQYWP8Dl5W2+2HnvEzg9YnHHdnZ8J+x/F4dZ6G9G3vJN3vcOu9gZ5sXO1H6aEz/smfUnDlb0\r\nF4xdVS3eZsXwnWikDw7SLKpjYGBgYGBgYGBgYGBgYGBgYGBgYGBgYGBgYPjJ+A9KiOSG5En2vAAA\r\nAABJRU5ErkJgglBLAwQUAAYACAAAACEAcz2HtgoHAABGIAAAGgAAAGNsaXBib2FyZC90aGVtZS90\r\naGVtZTEueG1s7FlLixtHEL4H8h+Gucert7yLtWb18tpe7S6W7OBjS2rNtNXzoLu1a92CfcolEHBC\r\nLoHccgghhhhicsmPWbBJnB+R6p5Xt9TyPjDBCbuCZabmq+rqqpqqmupbt58G1DnBjJMobLnlGyXX\r\nweEkmpLQa7kPR/3PbroOFyicIhqFuOUuMXdv7376yS20M6EkHkeITUc+DrADgkK+g1quL0S8s7XF\r\nJ0BG/EYU4xCezSIWIAG3zNuaMnQKCwR0q1IqNbYCREJ3FyQKKahH4V8ouCRMKBtKMdgJUQCrH81m\r\nZIIVdjovSwRf8g5lzgmiLRdkTqPTEX4qXIciLuBByy2pP3dr99YW2kmZqNjAq/H11V/KlzJM5xW1\r\nJvPG+aK1Wr3W2MvlKwAV67hes9foNXJ5CoAmE9hpoosps1np1FKsBkouLbK7zW61bOA1+dU1nffq\r\n8mfgFSiRX1vD9/sdsKKBV6AEX1/D19vb7a4pX4ESfGMN3yztdWtNQ74C+ZSE8zV0qd6odrLd5pBZ\r\nRPet8O16rd+spMILFERDHl1yiVkUik2xFqAnEesDQAIpEiR0xDLGMzSBmOwgSsaMOAfE8yHwYhRG\r\nHMilSqlfqsJ/+aupK+VRtIORxi31Ak34Gknq4/AJI7FoufdAqqtB3rx+ffbs1dmz386ePz979ku6\r\nthJl8O2j0NP53v349d/ff+H89esP7158kyy9iuc6/u3PX779/Y/3iYcdF6Z48+3Lt69evvnuqz9/\r\nemGRvsfQWIePSIC5c4hPnQdRABu06I/H7HIcIx8RgwP5INsiuid8A3i4RNSGa2PThI8YZBkb8M7i\r\niaHr0GcLQSwr3/cDAziIItqOmNUA9+VamoVHi9CzL84WOu4BQie2tTsoNBzcW8SQXolNZMfHhprH\r\nFIUCeTjEwpHPojnGlt09JsSw64BMWMSjmXAeE6eNiNUkIzI2Aqlg2icB+GVpUxBcbdhm8MhpR9S2\r\n6y4+MZHwWiBqUX6EqWHGO2ghUGATOUIB1Q1+gIRvU3K4ZBMd1+MCPO1hGjm9KebcxnPEYL+a0+9D\r\nhrG7fUCXgYlkgsxtMg9QFOnIbjTv+CiIbdghCX0de5fPIUSRcxwJG3wQmW+IvAc/oHCjux8RbLj7\r\n/ETwEJKrrlIRIPLJgll8eQdHRvwOl3SGsC3L7LHAyK57jFijo73wjNA+wJiiUzTF2Hl416JBO4oN\r\nmxdK3/Mhq+xjW2DdQ2asyvsQc+yovmY9RR4QboTsEHvRBn0Gy5XEs0RhgNgmyYfgdd3mPahy1lR6\r\nRCdzHXhIoNWDeLEa5YiDDC24N0o99pFRu+Q9t8frkhn+u8g7Bu/lE0ONC7yXwIMvzQOJXed5r21G\r\niBoLFAEzQtBg2NItsBjuL1hkXVVsCyvfzHxpCzdAY2T0OwEJz21+Vtqe+r/T9lheuQ/T8NgFGynr\r\nkq3OppSyv9LgbML9B9uaLlqExxgqyXrOuu5qrrsa93/f1Wx6l697mU0dx3Uv40KPcd3LpJOVD9PL\r\nFO0LdDZy2pFMedTMJ9g48pkRSodiSfEBV1MfDl800z4QJZ8abeJ8BBj7cCnLHCxg4DyGFI/DIvE5\r\nEf7QRzGMhsquFOLxVLTHnTjiMDFSZKtsiaeLYBBNk0lnuSynmkll5UgU9FI9p8OUSiToRrOY3uXi\r\nlbaemrJmCkjeyyihLWYqUbUo0cyI0khqpgtGsyihdvZBtNi2aHFTis9ctaYFqJZ7BT65HfhQb7n1\r\nGrAAEwzjoD2fSj8lrs68q5z5IT29yZhGBECLnUVA4eltqevG7cndJaF2AU8bSmjhZiqhLKMaPO7D\r\nh3AanZJ6ETUu6+vtwqWGetIUaj0IrUKN5s33aXFVXwPfam6goZ4paOicttxGtQ4hM0Fxy53BxBgu\r\ngxhih8uvLkQ9OGuZCJa88FfJLDHjoou4nxhcJZ0kGwREYOZQErRcuf3cDTRUOUTpVq5AQvholduG\r\ntPKxKQdON52MZzM8EbrbNYq0dHILGT7JFdaniv3qYMkZLcDdQ3966ozpgj1AEGL1ZlkacEo4HByU\r\nE2tOCZyE5YmsiL+VwpSmXf0oSsVQQkc09lFaUfRknsBVKs/VUXe5DbS7dM9gUM0kaSEce7LA6kY1\r\nqmleNRIdNlbd85mk5bSkWdRMI6vIqmnPYsYKWRlYseXVirymVWZiyGl6hU9S92rK3c5y3UqfkFcJ\r\nMHhuP0vVvUBB0FQrFjNUkxqvp2GZs1OqWTuyDZ6j2kWKhJb1G5nYFbvlNcK6HBCvVPmBbzVqgTTL\r\n+kpladup9gDFztgrt1w4WYbx4FO4grNpF2gVSatIGlzBgTOUi+SUuOWmFxkFnieUHFPNKNUMU8so\r\ntYxSzyj1jNLIKA3XUcepcIQvT1JdJzsthRqWnq6mvYV59L/7DwAAAP//AwBQSwMEFAAGAAgAAAAh\r\nAFNSiWHSAAAAqwEAACoAAABjbGlwYm9hcmQvZHJhd2luZ3MvX3JlbHMvZHJhd2luZzEueG1sLnJl\r\nbHOskMFKBDEMhu+C71Byt5nZg4hsZy8i7FXWBwhtplOcpqWt4r691b04sODFSyAJ+fLx7w+fcVUf\r\nXGpIYmDUAygWm1wQb+D19Hz3AKo2EkdrEjZw5gqH6fZm/8IrtX5Ul5Cr6hSpBpbW8iNitQtHqjpl\r\nlr6ZU4nUels8ZrJv5Bl3w3CP5TcDpg1THZ2BcnQ7UKdz7p//Zqd5Dpafkn2PLO3KC2zdizuQiudm\r\nQOvL5FJH3V0Br2uM/6kRYo9goxHZBcKf+aiz+G8N3EQ8fQEAAP//AwBQSwECLQAUAAYACAAAACEA\r\nNBL/eBQBAABQAgAAEwAAAAAAAAAAAAAAAAAAAAAAW0NvbnRlbnRfVHlwZXNdLnhtbFBLAQItABQA\r\nBgAIAAAAIQCtMD/xwQAAADIBAAALAAAAAAAAAAAAAAAAAEUBAABfcmVscy8ucmVsc1BLAQItABQA\r\nBgAIAAAAIQA86tsn1QIAAFYGAAAfAAAAAAAAAAAAAAAAAC8CAABjbGlwYm9hcmQvZHJhd2luZ3Mv\r\nZHJhd2luZzEueG1sUEsBAi0ACgAAAAAAAAAhAE+Pl0edEgAAnRIAABoAAAAAAAAAAAAAAAAAQQUA\r\nAGNsaXBib2FyZC9tZWRpYS9pbWFnZTEucG5nUEsBAi0AFAAGAAgAAAAhAHM9h7YKBwAARiAAABoA\r\nAAAAAAAAAAAAAAAAFhgAAGNsaXBib2FyZC90aGVtZS90aGVtZTEueG1sUEsBAi0AFAAGAAgAAAAh\r\nAFNSiWHSAAAAqwEAACoAAAAAAAAAAAAAAAAAWB8AAGNsaXBib2FyZC9kcmF3aW5ncy9fcmVscy9k\r\ncmF3aW5nMS54bWwucmVsc1BLBQYAAAAABgAGAK8BAAByIAAAAAA=\r\n\">\r\n   <v:imagedata src=\"file:///C:/Users/USUARIO/AppData/Local/Temp/msohtmlclip1/01/clip_image001.png\"\r\n    o:title=\"\"/>\r\n   <o:lock v:ext=\"edit\" aspectratio=\"f\"/>\r\n   <x:ClientData ObjectType=\"Pict\">\r\n    <x:SizeWithCells/>\r\n    <x:CF>Bitmap</x:CF>\r\n    <x:AutoPict/>\r\n   </x:ClientData>\r\n  </v:shape><![endif]--><!--[if !vml]--><span style=\"mso-ignore:vglayout;\r\n  position:absolute;z-index:2;margin-left:20px;margin-top:4px;width:176px;\r\n  height:77px\"><img width=\"176\" height=\"77\" src=\"file:///C:/Users/USUARIO/AppData/Local/Temp/msohtmlclip1/01/clip_image002.png\" v:shapes=\"Imagen_x0020_2\"></span><!--[endif]-->\r\n  <table cellpadding=\"0\" cellspacing=\"0\">\r\n   <tbody><tr>\r\n    <td rowspan=\"2\" height=\"84\" class=\"xl132\" width=\"177\" style=\"border-bottom:1.0pt solid black;\r\n    height:63.0pt;width:133pt\">&nbsp;</td>\r\n   </tr>\r\n  </tbody></table>\r\n  </td>\r\n  <td colspan=\"4\" rowspan=\"2\" class=\"xl134\" width=\"584\" style=\"border-bottom:1.0pt solid black;\r\n  width:439pt\">PROCESO GESTION CONTABLE Y FINANCIERA<br>\r\n    PROCEDIMIENTO ARQUEO DE CAJA <br>\r\n    ARPESOD ASOCIADOS SAS<br>\r\n    NIT. 900.333.755-6</td>\r\n  <td class=\"xl105\" width=\"129\" style=\"border-left:none;width:97pt\">F23</td>\r\n </tr>\r\n <tr height=\"29\" style=\"mso-height-source:userset;height:21.75pt\">\r\n  <td height=\"29\" class=\"xl106\" style=\"height:21.75pt;border-top:none;border-left:\r\n  none\">Version 02</td>\r\n </tr>\r\n <tr height=\"17\" style=\"height:12.75pt\">\r\n  <td height=\"17\" class=\"xl107\" style=\"height:12.75pt\"></td>\r\n  <td class=\"xl76\"></td>\r\n  <td class=\"xl76\"></td>\r\n  <td class=\"xl76\"></td>\r\n  <td class=\"xl76\"></td>\r\n  <td class=\"xl99\"></td>\r\n </tr>\r\n <tr height=\"20\" style=\"mso-height-source:userset;height:15.0pt\">\r\n  <td height=\"20\" class=\"xl75\" style=\"height:15.0pt\">CIUDAD:</td>\r\n  <td class=\"xl89\">HUILA</td>\r\n  <td class=\"xl76\"></td>\r\n  <td class=\"xl76\"></td>\r\n  <td class=\"xl76\"></td>\r\n  <td class=\"xl77\"></td>\r\n </tr>\r\n <tr height=\"20\" style=\"mso-height-source:userset;height:15.0pt\">\r\n  <td height=\"20\" class=\"xl75\" style=\"height:15.0pt\">FECHA:</td>\r\n  <td class=\"xl78\">20/11/2025</td>\r\n  <td class=\"xl78\"></td>\r\n  <td class=\"xl78\"></td>\r\n  <td class=\"xl78\"></td>\r\n  <td class=\"xl77\"></td>\r\n </tr>\r\n <tr height=\"20\" style=\"mso-height-source:userset;height:15.0pt\">\r\n  <td height=\"20\" class=\"xl75\" style=\"height:15.0pt\">CAJA:</td>\r\n  <td class=\"xl89\">PITALITO</td>\r\n  <td class=\"xl76\"></td>\r\n  <td class=\"xl76\"></td>\r\n  <td class=\"xl76\"></td>\r\n  <td class=\"xl79\"></td>\r\n </tr>\r\n <tr height=\"20\" style=\"mso-height-source:userset;height:15.0pt\">\r\n  <td height=\"20\" class=\"xl75\" style=\"height:15.0pt\">CODIGO CAJA:</td>\r\n  <td class=\"xl89\">70101</td>\r\n  <td class=\"xl76\"></td>\r\n  <td class=\"xl76\"></td>\r\n  <td class=\"xl76\"></td>\r\n  <td class=\"xl77\"></td>\r\n </tr>\r\n <tr height=\"17\" style=\"height:12.75pt\">\r\n  <td height=\"17\" class=\"xl75\" style=\"height:12.75pt\"></td>\r\n  <td class=\"xl91\"></td>\r\n  <td class=\"xl90\">&nbsp;</td>\r\n  <td colspan=\"2\" class=\"xl146\" style=\"border-right:.5pt solid black;border-left:\r\n  none\">&nbsp;ARPESOD&nbsp;</td>\r\n  <td class=\"xl85\" style=\"border-left:none\">$ 1.406.278,00</td>\r\n </tr>\r\n <tr height=\"17\" style=\"height:12.75pt\">\r\n  <td height=\"17\" class=\"xl75\" style=\"height:12.75pt\"></td>\r\n  <td class=\"xl91\"></td>\r\n  <td class=\"xl90\">&nbsp;</td>\r\n  <td colspan=\"2\" class=\"xl146\" style=\"border-right:.5pt solid black;border-left:\r\n  none\">&nbsp;RECIBOS MANUALES&nbsp;</td>\r\n  <td class=\"xl85\" style=\"border-top:none;border-left:none\">$ 0,00</td>\r\n </tr>\r\n <tr height=\"17\" style=\"height:12.75pt\">\r\n  <td height=\"17\" class=\"xl75\" style=\"height:12.75pt\"></td>\r\n  <td class=\"xl91\"></td>\r\n  <td class=\"xl90\">&nbsp;</td>\r\n  <td colspan=\"2\" class=\"xl146\" style=\"border-right:.5pt solid black;border-left:\r\n  none\">&nbsp;DINERO BASE&nbsp;</td>\r\n  <td class=\"xl85\" style=\"border-top:none;border-left:none\">$ 0,00</td>\r\n </tr>\r\n <tr height=\"17\" style=\"height:12.75pt\">\r\n  <td height=\"17\" class=\"xl75\" style=\"height:12.75pt\"></td>\r\n  <td class=\"xl91\"></td>\r\n  <td class=\"xl90\">&nbsp;</td>\r\n  <td colspan=\"2\" class=\"xl148\" style=\"border-right:.5pt solid black;border-left:\r\n  none\">&nbsp;TOTAL DINERO RECIBIDO&nbsp;</td>\r\n  <td class=\"xl84\" style=\"border-top:none;border-left:none\">$ 1.406.278,00</td>\r\n </tr>\r\n <tr height=\"17\" style=\"height:12.75pt\">\r\n  <td height=\"17\" class=\"xl75\" style=\"height:12.75pt\"></td>\r\n  <td class=\"xl91\"></td>\r\n  <td class=\"xl90\">&nbsp;</td>\r\n  <td colspan=\"2\" class=\"xl148\" style=\"border-right:.5pt solid black;border-left:\r\n  none\">&nbsp;TOTAL SISTEMA CONSOLIDADO&nbsp;</td>\r\n  <td class=\"xl80\" style=\"border-top:none;border-left:none\">$ 1.406.278,00</td>\r\n </tr>\r\n <tr height=\"17\" style=\"height:12.75pt\">\r\n  <td height=\"17\" class=\"xl75\" style=\"height:12.75pt\">DETALLE DEL EFECTIVO:</td>\r\n  <td class=\"xl75\"></td>\r\n  <td class=\"xl76\"></td>\r\n  <td class=\"xl76\"></td>\r\n  <td class=\"xl76\"></td>\r\n  <td class=\"xl99\"></td>\r\n </tr>\r\n <tr height=\"17\" style=\"height:12.75pt\">\r\n  <td colspan=\"4\" height=\"17\" class=\"xl145\" style=\"border-right:.5pt solid black;\r\n  height:12.75pt\">DETALLE</td>\r\n  <td class=\"xl68\" style=\"border-left:none\">CANTIDAD</td>\r\n  <td class=\"xl81\" style=\"border-left:none\">TOTAL</td>\r\n </tr>\r\n <tr height=\"17\" style=\"height:12.75pt\">\r\n  <td height=\"17\" class=\"xl111\" style=\"height:12.75pt;border-top:none\">Billetes de\r\n  $100.000</td>\r\n  <td class=\"xl112\" style=\"border-top:none\">&nbsp;</td>\r\n  <td class=\"xl112\" style=\"border-top:none\">&nbsp;</td>\r\n  <td class=\"xl113\" style=\"border-top:none\">&nbsp;</td>\r\n  <td class=\"xl63\" align=\"right\" style=\"border-top:none;border-left:none\">13</td>\r\n  <td class=\"xl82\" style=\"border-top:none;border-left:none\">1.300.000</td>\r\n </tr>\r\n <tr height=\"17\" style=\"height:12.75pt\">\r\n  <td height=\"17\" class=\"xl111\" style=\"height:12.75pt;border-top:none\">Billetes\r\n  de&nbsp; $50.000</td>\r\n  <td class=\"xl112\" style=\"border-top:none\">&nbsp;</td>\r\n  <td class=\"xl112\" style=\"border-top:none\">&nbsp;</td>\r\n  <td class=\"xl113\" style=\"border-top:none\">&nbsp;</td>\r\n  <td class=\"xl63\" style=\"border-top:none;border-left:none\">&nbsp;</td>\r\n  <td class=\"xl82\" style=\"border-top:none;border-left:none\">0</td>\r\n </tr>\r\n <tr height=\"17\" style=\"height:12.75pt\">\r\n  <td height=\"17\" class=\"xl111\" style=\"height:12.75pt;border-top:none\">Billetes\r\n  de&nbsp; $20.000</td>\r\n  <td class=\"xl112\" style=\"border-top:none\">&nbsp;</td>\r\n  <td class=\"xl114\" width=\"156\" style=\"border-top:none;width:117pt\">&nbsp;</td>\r\n  <td class=\"xl115\" width=\"149\" style=\"border-top:none;width:112pt\">&nbsp;</td>\r\n  <td class=\"xl69\" width=\"118\" style=\"border-top:none;border-left:none;width:89pt\">&nbsp;</td>\r\n  <td class=\"xl82\" style=\"border-top:none;border-left:none\">0</td>\r\n </tr>\r\n <tr height=\"17\" style=\"height:12.75pt\">\r\n  <td height=\"17\" class=\"xl111\" style=\"height:12.75pt;border-top:none\">Billetes\r\n  de&nbsp; $10.000</td>\r\n  <td class=\"xl112\" style=\"border-top:none\">&nbsp;</td>\r\n  <td class=\"xl112\" style=\"border-top:none\">&nbsp;</td>\r\n  <td class=\"xl113\" style=\"border-top:none\">&nbsp;</td>\r\n  <td class=\"xl63\" align=\"right\" style=\"border-top:none;border-left:none\">10</td>\r\n  <td class=\"xl82\" style=\"border-top:none;border-left:none\">100.000</td>\r\n </tr>\r\n <tr height=\"17\" style=\"height:12.75pt\">\r\n  <td height=\"17\" class=\"xl111\" style=\"height:12.75pt;border-top:none\">Billetes\r\n  de&nbsp;&nbsp;&nbsp;&nbsp; $5.000</td>\r\n  <td class=\"xl112\" style=\"border-top:none\">&nbsp;</td>\r\n  <td class=\"xl112\" style=\"border-top:none\">&nbsp;</td>\r\n  <td class=\"xl113\" style=\"border-top:none\">&nbsp;</td>\r\n  <td class=\"xl63\" style=\"border-top:none;border-left:none\">&nbsp;</td>\r\n  <td class=\"xl82\" style=\"border-top:none;border-left:none\">0</td>\r\n </tr>\r\n <tr height=\"17\" style=\"height:12.75pt\">\r\n  <td height=\"17\" class=\"xl111\" style=\"height:12.75pt;border-top:none\">Billetes\r\n  de&nbsp;&nbsp;&nbsp;&nbsp; $2.000</td>\r\n  <td class=\"xl112\" style=\"border-top:none\">&nbsp;</td>\r\n  <td class=\"xl112\" style=\"border-top:none\">&nbsp;</td>\r\n  <td class=\"xl113\" style=\"border-top:none\">&nbsp;</td>\r\n  <td class=\"xl63\" align=\"right\" style=\"border-top:none;border-left:none\">2</td>\r\n  <td class=\"xl82\" style=\"border-top:none;border-left:none\">4.000</td>\r\n </tr>\r\n <tr height=\"17\" style=\"height:12.75pt\">\r\n  <td height=\"17\" class=\"xl111\" style=\"height:12.75pt;border-top:none\">Monedas\r\n  de&nbsp; $1.000</td>\r\n  <td class=\"xl112\" style=\"border-top:none\">&nbsp;</td>\r\n  <td class=\"xl112\" style=\"border-top:none\">&nbsp;</td>\r\n  <td class=\"xl113\" style=\"border-top:none\">&nbsp;</td>\r\n  <td class=\"xl63\" style=\"border-top:none;border-left:none\">&nbsp;</td>\r\n  <td class=\"xl82\" style=\"border-top:none;border-left:none\">0</td>\r\n </tr>\r\n <tr height=\"17\" style=\"height:12.75pt\">\r\n  <td height=\"17\" class=\"xl111\" style=\"height:12.75pt;border-top:none\">Monedas de\r\n  $500</td>\r\n  <td class=\"xl112\" style=\"border-top:none\">&nbsp;</td>\r\n  <td class=\"xl112\" style=\"border-top:none\">&nbsp;</td>\r\n  <td class=\"xl113\" style=\"border-top:none\">&nbsp;</td>\r\n  <td class=\"xl63\" style=\"border-top:none;border-left:none\">&nbsp;</td>\r\n  <td class=\"xl82\" style=\"border-top:none;border-left:none\">0</td>\r\n </tr>\r\n <tr height=\"17\" style=\"height:12.75pt\">\r\n  <td height=\"17\" class=\"xl111\" style=\"height:12.75pt;border-top:none\">Monedas de\r\n  $200</td>\r\n  <td class=\"xl112\" style=\"border-top:none\">&nbsp;</td>\r\n  <td class=\"xl112\" style=\"border-top:none\">&nbsp;</td>\r\n  <td class=\"xl113\" style=\"border-top:none\">&nbsp;</td>\r\n  <td class=\"xl63\" align=\"right\" style=\"border-top:none;border-left:none\">5</td>\r\n  <td class=\"xl82\" style=\"border-top:none;border-left:none\">1.000</td>\r\n </tr>\r\n <tr height=\"17\" style=\"height:12.75pt\">\r\n  <td height=\"17\" class=\"xl111\" style=\"height:12.75pt;border-top:none\">Monedas de\r\n  $100</td>\r\n  <td class=\"xl112\" style=\"border-top:none\">&nbsp;</td>\r\n  <td class=\"xl112\" style=\"border-top:none\">&nbsp;</td>\r\n  <td class=\"xl113\" style=\"border-top:none\">&nbsp;</td>\r\n  <td class=\"xl63\" align=\"right\" style=\"border-top:none;border-left:none\">14</td>\r\n  <td class=\"xl82\" style=\"border-top:none;border-left:none\">1.400</td>\r\n </tr>\r\n <tr height=\"17\" style=\"height:12.75pt\">\r\n  <td height=\"17\" class=\"xl111\" style=\"height:12.75pt;border-top:none\">Monedas de\r\n  $50</td>\r\n  <td class=\"xl112\" style=\"border-top:none\">&nbsp;</td>\r\n  <td class=\"xl112\" style=\"border-top:none\">&nbsp;</td>\r\n  <td class=\"xl113\" style=\"border-top:none\">&nbsp;</td>\r\n  <td class=\"xl63\" align=\"right\" style=\"border-top:none;border-left:none\">1</td>\r\n  <td class=\"xl82\" style=\"border-top:none;border-left:none\">50</td>\r\n </tr>\r\n <tr height=\"17\" style=\"height:12.75pt\">\r\n  <td height=\"17\" class=\"xl116\" style=\"height:12.75pt;border-top:none\">TOTAL\r\n  EFECTIVO</td>\r\n  <td class=\"xl117\" style=\"border-top:none\">&nbsp;</td>\r\n  <td class=\"xl112\" style=\"border-top:none\">&nbsp;</td>\r\n  <td class=\"xl113\" style=\"border-top:none\">&nbsp;</td>\r\n  <td class=\"xl63\" style=\"border-top:none;border-left:none\">&nbsp;</td>\r\n  <td class=\"xl92\" style=\"border-top:none;border-left:none\">&nbsp;$&nbsp;&nbsp;&nbsp;&nbsp;&nbsp;&nbsp;&nbsp;&nbsp;&nbsp;&nbsp;&nbsp;&nbsp;&nbsp;&nbsp;&nbsp;&nbsp;&nbsp; 1.406.450 </td>\r\n </tr>\r\n <tr height=\"17\" style=\"height:12.75pt\">\r\n  <td height=\"17\" class=\"xl64\" style=\"height:12.75pt\"></td>\r\n  <td class=\"xl64\"></td>\r\n  <td class=\"xl64\"></td>\r\n  <td class=\"xl64\"></td>\r\n  <td class=\"xl64\"></td>\r\n  <td class=\"xl65\"></td>\r\n </tr>\r\n <tr height=\"17\" style=\"height:12.75pt\">\r\n  <td height=\"17\" class=\"xl75\" colspan=\"2\" style=\"height:12.75pt;mso-ignore:colspan\">DETALLE\r\n  DE GASTOS PROVISIONALES SOPORTADOS:</td>\r\n  <td class=\"xl76\"></td>\r\n  <td class=\"xl76\"></td>\r\n  <td class=\"xl64\"></td>\r\n  <td class=\"xl65\"></td>\r\n </tr>\r\n <tr height=\"17\" style=\"height:12.75pt\">\r\n  <td colspan=\"2\" height=\"17\" class=\"xl143\" width=\"338\" style=\"height:12.75pt;\r\n  width:254pt\">DETALLE</td>\r\n  <td class=\"xl110\">&nbsp;</td>\r\n  <td class=\"xl108\">&nbsp;</td>\r\n  <td class=\"xl109\" style=\"border-left:none\">No. Recibo</td>\r\n  <td class=\"xl81\" style=\"border-left:none\">VALOR</td>\r\n </tr>\r\n <tr height=\"17\" style=\"height:12.75pt\">\r\n  <td height=\"17\" class=\"xl129\" style=\"height:12.75pt;border-top:none\">&nbsp;</td>\r\n  <td class=\"xl130\" style=\"border-top:none\">&nbsp;</td>\r\n  <td class=\"xl130\" style=\"border-top:none\">&nbsp;</td>\r\n  <td class=\"xl131\" style=\"border-top:none\">&nbsp;</td>\r\n  <td class=\"xl69\" width=\"118\" style=\"border-top:none;border-left:none;width:89pt\">&nbsp;</td>\r\n  <td class=\"xl72\" width=\"129\" style=\"border-top:none;border-left:none;width:97pt\">&nbsp;</td>\r\n </tr>\r\n <tr height=\"17\" style=\"height:12.75pt\">\r\n  <td height=\"17\" class=\"xl129\" style=\"height:12.75pt;border-top:none\">&nbsp;</td>\r\n  <td class=\"xl130\" style=\"border-top:none\">&nbsp;</td>\r\n  <td class=\"xl130\" style=\"border-top:none\">&nbsp;</td>\r\n  <td class=\"xl131\" style=\"border-top:none\">&nbsp;</td>\r\n  <td class=\"xl69\" width=\"118\" style=\"border-top:none;border-left:none;width:89pt\">&nbsp;</td>\r\n  <td class=\"xl72\" width=\"129\" style=\"border-top:none;border-left:none;width:97pt\">&nbsp;</td>\r\n </tr>\r\n <tr height=\"17\" style=\"height:12.75pt\">\r\n  <td height=\"17\" class=\"xl129\" style=\"height:12.75pt;border-top:none\">&nbsp;</td>\r\n  <td class=\"xl130\" style=\"border-top:none\">&nbsp;</td>\r\n  <td class=\"xl130\" style=\"border-top:none\">&nbsp;</td>\r\n  <td class=\"xl131\" style=\"border-top:none\">&nbsp;</td>\r\n  <td class=\"xl69\" width=\"118\" style=\"border-top:none;border-left:none;width:89pt\">&nbsp;</td>\r\n  <td class=\"xl72\" width=\"129\" style=\"border-top:none;border-left:none;width:97pt\">&nbsp;</td>\r\n </tr>\r\n <tr height=\"17\" style=\"height:12.75pt\">\r\n  <td height=\"17\" class=\"xl129\" style=\"height:12.75pt;border-top:none\">&nbsp;</td>\r\n  <td class=\"xl130\" style=\"border-top:none\">&nbsp;</td>\r\n  <td class=\"xl130\" style=\"border-top:none\">&nbsp;</td>\r\n  <td class=\"xl131\" style=\"border-top:none\">&nbsp;</td>\r\n  <td class=\"xl69\" width=\"118\" style=\"border-top:none;border-left:none;width:89pt\">&nbsp;</td>\r\n  <td class=\"xl72\" width=\"129\" style=\"border-top:none;border-left:none;width:97pt\">&nbsp;</td>\r\n </tr>\r\n <tr height=\"17\" style=\"height:12.75pt\">\r\n  <td height=\"17\" class=\"xl129\" style=\"height:12.75pt;border-top:none\">&nbsp;</td>\r\n  <td class=\"xl130\" style=\"border-top:none\">&nbsp;</td>\r\n  <td class=\"xl130\" style=\"border-top:none\">&nbsp;</td>\r\n  <td class=\"xl131\" style=\"border-top:none\">&nbsp;</td>\r\n  <td class=\"xl69\" width=\"118\" style=\"border-top:none;border-left:none;width:89pt\">&nbsp;</td>\r\n  <td class=\"xl72\" width=\"129\" style=\"border-top:none;border-left:none;width:97pt\">&nbsp;</td>\r\n </tr>\r\n <tr height=\"17\" style=\"height:12.75pt\">\r\n  <td height=\"17\" class=\"xl129\" style=\"height:12.75pt;border-top:none\">&nbsp;</td>\r\n  <td class=\"xl130\" style=\"border-top:none\">&nbsp;</td>\r\n  <td class=\"xl130\" style=\"border-top:none\">&nbsp;</td>\r\n  <td class=\"xl131\" style=\"border-top:none\">&nbsp;</td>\r\n  <td class=\"xl69\" width=\"118\" style=\"border-top:none;border-left:none;width:89pt\">&nbsp;</td>\r\n  <td class=\"xl72\" width=\"129\" style=\"border-top:none;border-left:none;width:97pt\">&nbsp;</td>\r\n </tr>\r\n <tr height=\"17\" style=\"height:12.75pt\">\r\n  <td height=\"17\" class=\"xl129\" style=\"height:12.75pt;border-top:none\">&nbsp;</td>\r\n  <td class=\"xl130\" style=\"border-top:none\">&nbsp;</td>\r\n  <td class=\"xl130\" style=\"border-top:none\">&nbsp;</td>\r\n  <td class=\"xl131\" style=\"border-top:none\">&nbsp;</td>\r\n  <td class=\"xl69\" width=\"118\" style=\"border-top:none;border-left:none;width:89pt\">&nbsp;</td>\r\n  <td class=\"xl72\" width=\"129\" style=\"border-top:none;border-left:none;width:97pt\">&nbsp;</td>\r\n </tr>\r\n <tr height=\"17\" style=\"height:12.75pt\">\r\n  <td height=\"17\" class=\"xl129\" style=\"height:12.75pt;border-top:none\">&nbsp;</td>\r\n  <td class=\"xl130\" style=\"border-top:none\">&nbsp;</td>\r\n  <td class=\"xl130\" style=\"border-top:none\">&nbsp;</td>\r\n  <td class=\"xl131\" style=\"border-top:none\">&nbsp;</td>\r\n  <td class=\"xl69\" width=\"118\" style=\"border-top:none;border-left:none;width:89pt\">&nbsp;</td>\r\n  <td class=\"xl72\" width=\"129\" style=\"border-top:none;border-left:none;width:97pt\">&nbsp;</td>\r\n </tr>\r\n <tr height=\"17\" style=\"height:12.75pt\">\r\n  <td height=\"17\" class=\"xl129\" style=\"height:12.75pt;border-top:none\">&nbsp;</td>\r\n  <td class=\"xl130\" style=\"border-top:none\">&nbsp;</td>\r\n  <td class=\"xl130\" style=\"border-top:none\">&nbsp;</td>\r\n  <td class=\"xl131\" style=\"border-top:none\">&nbsp;</td>\r\n  <td class=\"xl69\" width=\"118\" style=\"border-top:none;border-left:none;width:89pt\">&nbsp;</td>\r\n  <td class=\"xl72\" width=\"129\" style=\"border-top:none;border-left:none;width:97pt\">&nbsp;</td>\r\n </tr>\r\n <tr height=\"17\" style=\"height:12.75pt\">\r\n  <td height=\"17\" class=\"xl129\" style=\"height:12.75pt;border-top:none\">&nbsp;</td>\r\n  <td class=\"xl130\" style=\"border-top:none\">&nbsp;</td>\r\n  <td class=\"xl130\" style=\"border-top:none\">&nbsp;</td>\r\n  <td class=\"xl131\" style=\"border-top:none\">&nbsp;</td>\r\n  <td class=\"xl69\" width=\"118\" style=\"border-top:none;border-left:none;width:89pt\">&nbsp;</td>\r\n  <td class=\"xl72\" width=\"129\" style=\"border-top:none;border-left:none;width:97pt\">&nbsp;</td>\r\n </tr>\r\n <tr height=\"17\" style=\"height:12.75pt\">\r\n  <td height=\"17\" class=\"xl129\" style=\"height:12.75pt;border-top:none\">&nbsp;</td>\r\n  <td class=\"xl130\" style=\"border-top:none\">&nbsp;</td>\r\n  <td class=\"xl130\" style=\"border-top:none\">&nbsp;</td>\r\n  <td class=\"xl131\" style=\"border-top:none\">&nbsp;</td>\r\n  <td class=\"xl69\" width=\"118\" style=\"border-top:none;border-left:none;width:89pt\">&nbsp;</td>\r\n  <td class=\"xl72\" width=\"129\" style=\"border-top:none;border-left:none;width:97pt\">&nbsp;</td>\r\n </tr>\r\n <tr height=\"17\" style=\"height:12.75pt\">\r\n  <td height=\"17\" class=\"xl129\" style=\"height:12.75pt;border-top:none\">&nbsp;</td>\r\n  <td class=\"xl130\" style=\"border-top:none\">&nbsp;</td>\r\n  <td class=\"xl130\" style=\"border-top:none\">&nbsp;</td>\r\n  <td class=\"xl131\" style=\"border-top:none\">&nbsp;</td>\r\n  <td class=\"xl69\" width=\"118\" style=\"border-top:none;border-left:none;width:89pt\">&nbsp;</td>\r\n  <td class=\"xl72\" width=\"129\" style=\"border-top:none;border-left:none;width:97pt\">&nbsp;</td>\r\n </tr>\r\n <tr height=\"17\" style=\"height:12.75pt\">\r\n  <td height=\"17\" class=\"xl129\" style=\"height:12.75pt;border-top:none\">&nbsp;</td>\r\n  <td class=\"xl130\" style=\"border-top:none\">&nbsp;</td>\r\n  <td class=\"xl130\" style=\"border-top:none\">&nbsp;</td>\r\n  <td class=\"xl131\" style=\"border-top:none\">&nbsp;</td>\r\n  <td class=\"xl69\" width=\"118\" style=\"border-top:none;border-left:none;width:89pt\">&nbsp;</td>\r\n  <td class=\"xl70\" style=\"border-top:none;border-left:none\">&nbsp;</td>\r\n </tr>\r\n <tr height=\"17\" style=\"height:12.75pt\">\r\n  <td height=\"17\" class=\"xl116\" style=\"height:12.75pt;border-top:none\">TOTAL GASTOS</td>\r\n  <td class=\"xl112\" style=\"border-top:none\">&nbsp;</td>\r\n  <td class=\"xl112\" style=\"border-top:none\">&nbsp;</td>\r\n  <td class=\"xl112\" style=\"border-top:none\">&nbsp;</td>\r\n  <td class=\"xl113\" style=\"border-top:none\">&nbsp;</td>\r\n  <td class=\"xl73\" style=\"border-top:none;border-left:none\">&nbsp;&nbsp;&nbsp;&nbsp;&nbsp;&nbsp;&nbsp;&nbsp;&nbsp;&nbsp;&nbsp;&nbsp;&nbsp;&nbsp;&nbsp;&nbsp;&nbsp;&nbsp;&nbsp;&nbsp;&nbsp;&nbsp;&nbsp;&nbsp;&nbsp;&nbsp;&nbsp;&nbsp;&nbsp;&nbsp;&nbsp;&nbsp;&nbsp;&nbsp;&nbsp;&nbsp;&nbsp;&nbsp; - </td>\r\n </tr>\r\n <tr height=\"17\" style=\"height:12.75pt\">\r\n  <td height=\"17\" class=\"xl64\" style=\"height:12.75pt\"></td>\r\n  <td class=\"xl64\"></td>\r\n  <td class=\"xl64\"></td>\r\n  <td class=\"xl64\"></td>\r\n  <td class=\"xl64\"></td>\r\n  <td class=\"xl65\"></td>\r\n </tr>\r\n <tr height=\"17\" style=\"height:12.75pt\">\r\n  <td height=\"17\" class=\"xl75\" style=\"height:12.75pt\">CONSIGNACIONES</td>\r\n  <td class=\"xl75\"></td>\r\n  <td class=\"xl76\"></td>\r\n  <td class=\"xl76\"></td>\r\n  <td class=\"xl76\"></td>\r\n  <td class=\"xl99\"></td>\r\n </tr>\r\n <tr height=\"17\" style=\"height:12.75pt\">\r\n  <td colspan=\"4\" height=\"17\" class=\"xl145\" style=\"border-right:.5pt solid black;\r\n  height:12.75pt\">DETALLE</td>\r\n  <td class=\"xl109\" style=\"border-left:none\">No. Recibo</td>\r\n  <td class=\"xl81\" style=\"border-left:none\">VALOR</td>\r\n </tr>\r\n <tr height=\"17\" style=\"height:12.75pt\">\r\n  <td colspan=\"4\" height=\"17\" class=\"xl138\" width=\"643\" style=\"border-right:.5pt solid black;\r\n  height:12.75pt;width:483pt\">&nbsp;</td>\r\n  <td class=\"xl74\" style=\"border-top:none;border-left:none\">&nbsp;</td>\r\n  <td class=\"xl70\" style=\"border-top:none;border-left:none\">&nbsp;</td>\r\n </tr>\r\n <tr height=\"17\" style=\"height:12.75pt\">\r\n  <td colspan=\"4\" height=\"17\" class=\"xl138\" width=\"643\" style=\"border-right:.5pt solid black;\r\n  height:12.75pt;width:483pt\">&nbsp;</td>\r\n  <td class=\"xl68\" style=\"border-top:none;border-left:none\">&nbsp;</td>\r\n  <td class=\"xl70\" style=\"border-top:none;border-left:none\">&nbsp;</td>\r\n </tr>\r\n <tr height=\"17\" style=\"height:12.75pt\">\r\n  <td colspan=\"4\" height=\"17\" class=\"xl138\" width=\"643\" style=\"border-right:.5pt solid black;\r\n  height:12.75pt;width:483pt\">&nbsp;</td>\r\n  <td class=\"xl68\" style=\"border-top:none;border-left:none\">&nbsp;</td>\r\n  <td class=\"xl70\" style=\"border-top:none;border-left:none\">&nbsp;</td>\r\n </tr>\r\n <tr height=\"17\" style=\"height:12.75pt\">\r\n  <td colspan=\"2\" height=\"17\" class=\"xl141\" width=\"338\" style=\"height:12.75pt;\r\n  width:254pt\">TOTAL CONSIGNACIONES</td>\r\n  <td class=\"xl87\" style=\"border-top:none\">&nbsp;</td>\r\n  <td class=\"xl67\" style=\"border-top:none\">&nbsp;</td>\r\n  <td class=\"xl68\" style=\"border-top:none;border-left:none\">&nbsp;</td>\r\n  <td class=\"xl86\" style=\"border-top:none;border-left:none\">0</td>\r\n </tr>\r\n <tr height=\"17\" style=\"height:12.75pt\">\r\n  <td height=\"17\" class=\"xl64\" style=\"height:12.75pt\"></td>\r\n  <td class=\"xl64\"></td>\r\n  <td class=\"xl64\"></td>\r\n  <td class=\"xl64\"></td>\r\n  <td class=\"xl64\"></td>\r\n  <td class=\"xl65\"></td>\r\n </tr>\r\n <tr height=\"17\" style=\"height:12.75pt\">\r\n  <td height=\"17\" class=\"xl118\" style=\"height:12.75pt\">TOTAL SOPORTADO</td>\r\n  <td class=\"xl119\">&nbsp;</td>\r\n  <td class=\"xl120\" style=\"border-left:none\">&nbsp;</td>\r\n  <td class=\"xl121\">&nbsp;</td>\r\n  <td class=\"xl122\">&nbsp;</td>\r\n  <td class=\"xl83\" style=\"border-left:none\">$ 1.406.450</td>\r\n </tr>\r\n <tr height=\"17\" style=\"height:12.75pt\">\r\n  <td height=\"17\" class=\"xl76\" style=\"height:12.75pt\"></td>\r\n  <td class=\"xl76\"></td>\r\n  <td class=\"xl76\"></td>\r\n  <td class=\"xl76\"></td>\r\n  <td class=\"xl76\"></td>\r\n  <td class=\"xl95\"></td>\r\n </tr>\r\n <tr height=\"17\" style=\"height:12.75pt\">\r\n  <td colspan=\"2\" height=\"17\" class=\"xl136\" width=\"338\" style=\"height:12.75pt;\r\n  width:254pt\"></td>\r\n  <td class=\"xl123\">&nbsp;</td>\r\n  <td class=\"xl124\">DIFERENCIA&nbsp;</td>\r\n  <td class=\"xl125\">&nbsp;</td>\r\n  <td class=\"xl94\" style=\"border-left:none\">172</td>\r\n </tr>\r\n <tr height=\"17\" style=\"height:12.75pt\">\r\n  <td height=\"17\" class=\"xl126\" style=\"height:12.75pt\"></td>\r\n  <td class=\"xl127\"></td>\r\n  <td class=\"xl123\">&nbsp;</td>\r\n  <td class=\"xl124\" style=\"border-top:none\">SOBRANTE</td>\r\n  <td class=\"xl125\" style=\"border-top:none\">&nbsp;</td>\r\n  <td class=\"xl82\" style=\"border-top:none;border-left:none\">172</td>\r\n </tr>\r\n <tr height=\"17\" style=\"height:12.75pt\">\r\n  <td height=\"17\" class=\"xl76\" style=\"height:12.75pt\"></td>\r\n  <td class=\"xl128\"></td>\r\n  <td class=\"xl123\">&nbsp;</td>\r\n  <td class=\"xl124\" style=\"border-top:none\">FALTANTE</td>\r\n  <td class=\"xl125\" style=\"border-top:none\">&nbsp;</td>\r\n  <td class=\"xl82\" style=\"border-top:none;border-left:none\">0</td>\r\n </tr>\r\n <tr height=\"17\" style=\"height:12.75pt\">\r\n  <td height=\"17\" class=\"xl64\" style=\"height:12.75pt\"></td>\r\n  <td class=\"xl93\"></td>\r\n  <td class=\"xl93\"></td>\r\n  <td class=\"xl93\"></td>\r\n  <td class=\"xl93\"></td>\r\n  <td class=\"xl95\"></td>\r\n </tr>\r\n <tr height=\"17\" style=\"page-break-before:always;height:12.75pt\">\r\n  <td height=\"17\" class=\"xl96\" colspan=\"3\" style=\"height:12.75pt;mso-ignore:colspan\">CONTROL\r\n  DE RECIBOS MANUALES EN BLANCO PENDIENTES DE INGRESAR</td>\r\n  <td class=\"xl97\">&nbsp;</td>\r\n  <td class=\"xl97\">&nbsp;</td>\r\n  <td class=\"xl97\">&nbsp;</td>\r\n </tr>\r\n <tr height=\"17\" style=\"height:12.75pt\">\r\n  <td height=\"17\" class=\"xl98\" style=\"height:12.75pt;border-top:none\">Centro de\r\n  costo Talonario</td>\r\n  <td class=\"xl98\" style=\"border-top:none;border-left:none\">Desde&nbsp;</td>\r\n  <td class=\"xl98\" style=\"border-top:none;border-left:none\">Hasta</td>\r\n  <td class=\"xl98\" style=\"border-top:none;border-left:none\">Centro de costo\r\n  Talonario</td>\r\n  <td class=\"xl98\" style=\"border-top:none;border-left:none\">Desde&nbsp;</td>\r\n  <td class=\"xl98\" style=\"border-top:none;border-left:none\">Hasta</td>\r\n </tr>\r\n <tr height=\"17\" style=\"height:12.75pt\">\r\n  <td height=\"17\" class=\"xl88\" style=\"height:12.75pt;border-top:none\">7010102&nbsp; PITALITO&nbsp;</td>\r\n  <td class=\"xl88\" style=\"border-top:none;border-left:none\">3663</td>\r\n  <td class=\"xl88\" style=\"border-top:none;border-left:none\">3700</td>\r\n  <td class=\"xl88\" style=\"border-top:none;border-left:none\">&nbsp;</td>\r\n  <td class=\"xl88\" style=\"border-top:none;border-left:none\">&nbsp;</td>\r\n  <td class=\"xl88\" style=\"border-top:none;border-left:none\">&nbsp;</td>\r\n </tr>\r\n <tr height=\"17\" style=\"height:12.75pt\">\r\n  <td height=\"17\" class=\"xl88\" style=\"height:12.75pt;border-top:none\">7010202&nbsp; PUERTO ASIS&nbsp;&nbsp;</td>\r\n  <td class=\"xl88\" style=\"border-top:none;border-left:none\">3503</td>\r\n  <td class=\"xl88\" style=\"border-top:none;border-left:none\">3550</td>\r\n  <td class=\"xl88\" style=\"border-top:none;border-left:none\">&nbsp;</td>\r\n  <td class=\"xl88\" style=\"border-top:none;border-left:none\">&nbsp;</td>\r\n  <td class=\"xl88\" style=\"border-top:none;border-left:none\">&nbsp;</td>\r\n </tr>\r\n <tr height=\"17\" style=\"height:12.75pt\">\r\n  <td height=\"17\" class=\"xl88\" style=\"height:12.75pt;border-top:none\">7010302&nbsp; MOCOA&nbsp;</td>\r\n  <td class=\"xl88\" style=\"border-top:none;border-left:none\">3417</td>\r\n  <td class=\"xl88\" style=\"border-top:none;border-left:none\">3450</td>\r\n  <td class=\"xl88\" style=\"border-top:none;border-left:none\">&nbsp;</td>\r\n  <td class=\"xl88\" style=\"border-top:none;border-left:none\">&nbsp;</td>\r\n  <td class=\"xl65\"></td>\r\n </tr>\r\n <tr height=\"17\" style=\"height:12.75pt\">\r\n  <td height=\"17\" class=\"xl88\" style=\"height:12.75pt;border-top:none\">&nbsp;</td>\r\n  <td class=\"xl88\" style=\"border-top:none;border-left:none\">&nbsp;</td>\r\n  <td class=\"xl88\" style=\"border-top:none;border-left:none\">&nbsp;</td>\r\n  <td class=\"xl88\" style=\"border-top:none;border-left:none\">&nbsp;</td>\r\n  <td class=\"xl88\" style=\"border-top:none;border-left:none\">&nbsp;</td>\r\n  <td class=\"xl88\" style=\"border-left:none\">&nbsp;</td>\r\n </tr>\r\n <tr height=\"17\" style=\"height:12.75pt\">\r\n  <td height=\"17\" class=\"xl88\" style=\"height:12.75pt;border-top:none\">&nbsp;</td>\r\n  <td class=\"xl88\" style=\"border-top:none;border-left:none\">&nbsp;</td>\r\n  <td class=\"xl88\" style=\"border-top:none;border-left:none\">&nbsp;</td>\r\n  <td class=\"xl88\" style=\"border-top:none;border-left:none\">&nbsp;</td>\r\n  <td class=\"xl88\" style=\"border-top:none;border-left:none\">&nbsp;</td>\r\n  <td class=\"xl88\" style=\"border-top:none;border-left:none\">&nbsp;</td>\r\n </tr>\r\n <tr height=\"17\" style=\"height:12.75pt\">\r\n  <td height=\"17\" class=\"xl88\" style=\"height:12.75pt;border-top:none\">&nbsp;</td>\r\n  <td class=\"xl88\" style=\"border-top:none;border-left:none\">&nbsp;</td>\r\n  <td class=\"xl88\" style=\"border-top:none;border-left:none\">&nbsp;</td>\r\n  <td class=\"xl88\" style=\"border-top:none;border-left:none\">&nbsp;</td>\r\n  <td class=\"xl88\" style=\"border-top:none;border-left:none\">&nbsp;</td>\r\n  <td class=\"xl88\" style=\"border-top:none;border-left:none\">&nbsp;</td>\r\n </tr>\r\n <tr height=\"17\" style=\"height:12.75pt\">\r\n  <td height=\"17\" class=\"xl88\" style=\"height:12.75pt;border-top:none\">&nbsp;</td>\r\n  <td class=\"xl88\" style=\"border-top:none;border-left:none\">&nbsp;</td>\r\n  <td class=\"xl88\" style=\"border-top:none;border-left:none\">&nbsp;</td>\r\n  <td class=\"xl88\" style=\"border-top:none;border-left:none\">&nbsp;</td>\r\n  <td class=\"xl88\" style=\"border-top:none;border-left:none\">&nbsp;</td>\r\n  <td class=\"xl88\" style=\"border-top:none;border-left:none\">&nbsp;</td>\r\n </tr>\r\n <tr height=\"17\" style=\"height:12.75pt\">\r\n  <td height=\"17\" class=\"xl75\" style=\"height:12.75pt\">OBSERVACIONES:</td>\r\n  <td class=\"xl75\"></td>\r\n  <td class=\"xl76\"></td>\r\n  <td class=\"xl76\"></td>\r\n  <td class=\"xl76\"></td>\r\n  <td class=\"xl99\"></td>\r\n </tr>\r\n <tr height=\"17\" style=\"height:12.75pt\">\r\n  <td colspan=\"6\" height=\"17\" class=\"xl137\" style=\"height:12.75pt\">&nbsp;</td>\r\n </tr>\r\n <tr height=\"17\" style=\"height:12.75pt\">\r\n  <td colspan=\"6\" height=\"17\" class=\"xl137\" style=\"height:12.75pt\">&nbsp;</td>\r\n </tr>\r\n <tr height=\"17\" style=\"height:12.75pt\">\r\n  <td colspan=\"6\" height=\"17\" class=\"xl137\" style=\"height:12.75pt\">&nbsp;</td>\r\n </tr>\r\n <tr height=\"17\" style=\"height:12.75pt\">\r\n  <td colspan=\"6\" height=\"17\" class=\"xl137\" style=\"height:12.75pt\">&nbsp;</td>\r\n </tr>\r\n <tr height=\"17\" style=\"height:12.75pt\">\r\n  <td height=\"17\" class=\"xl75\" style=\"height:12.75pt\"></td>\r\n  <td class=\"xl75\"></td>\r\n  <td class=\"xl75\"></td>\r\n  <td class=\"xl75\"></td>\r\n  <td colspan=\"2\" class=\"xl107\"></td>\r\n </tr>\r\n <tr height=\"17\" style=\"height:12.75pt\">\r\n  <td height=\"17\" class=\"xl100\" style=\"height:12.75pt\">NOMBRES Y FIRMAS:</td>\r\n  <td class=\"xl100\"></td>\r\n  <td class=\"xl100\"></td>\r\n  <td class=\"xl76\"></td>\r\n  <td class=\"xl76\"></td>\r\n  <td class=\"xl99\"></td>\r\n </tr>\r\n <tr height=\"17\" style=\"height:12.75pt\">\r\n  <td height=\"17\" class=\"xl100\" style=\"height:12.75pt\"></td>\r\n  <td class=\"xl100\"></td>\r\n  <td class=\"xl100\"></td>\r\n  <td class=\"xl100\"></td>\r\n  <td class=\"xl100\"></td>\r\n  <td class=\"xl101\"></td>\r\n </tr>\r\n <tr height=\"17\" style=\"height:12.75pt\">\r\n  <td height=\"17\" class=\"xl75\" style=\"height:12.75pt\">Responsable Caja:</td>\r\n  <td class=\"xl75\"></td>\r\n  <td class=\"xl102\">&nbsp;Realizado por:</td>\r\n  <td class=\"xl100\"></td>\r\n  <td class=\"xl100\"></td>\r\n  <td class=\"xl101\"></td>\r\n </tr>\r\n <tr height=\"17\" style=\"height:12.75pt\">\r\n  <td height=\"17\" class=\"xl76\" style=\"height:12.75pt\"></td>\r\n  <td class=\"xl76\"></td>\r\n  <td class=\"xl76\"></td>\r\n  <td class=\"xl102\"></td>\r\n  <td class=\"xl102\"></td>\r\n  <td class=\"xl75\"></td>\r\n </tr>\r\n <tr height=\"17\" style=\"height:12.75pt\">\r\n  <td height=\"17\" class=\"xl103\" style=\"height:12.75pt\">&nbsp;</td>\r\n  <td class=\"xl76\"></td>\r\n  <td class=\"xl104\">&nbsp;</td>\r\n  <td class=\"xl76\"></td>\r\n  <td class=\"xl76\"></td>\r\n  <td class=\"xl99\"></td>\r\n </tr>\r\n <tr height=\"17\" style=\"height:12.75pt\">\r\n  <td height=\"17\" class=\"xl75\" style=\"height:12.75pt\">Nombre:</td>\r\n  <td class=\"xl75\"></td>\r\n  <td class=\"xl75\">Nombre:</td>\r\n  <td class=\"xl99\"></td>\r\n  <td class=\"xl99\"></td>\r\n  <td class=\"xl76\"></td>\r\n </tr>\r\n <tr height=\"17\" style=\"height:12.75pt\">\r\n  <td height=\"17\" class=\"xl75\" style=\"height:12.75pt\"></td>\r\n  <td class=\"xl75\"></td>\r\n  <td class=\"xl75\"></td>\r\n  <td class=\"xl99\"></td>\r\n  <td class=\"xl99\"></td>\r\n  <td class=\"xl76\"></td>\r\n </tr>\r\n <tr height=\"17\" style=\"height:12.75pt\">\r\n  <td height=\"17\" class=\"xl75\" style=\"height:12.75pt\"></td>\r\n  <td class=\"xl75\"></td>\r\n  <td class=\"xl75\"></td>\r\n  <td class=\"xl99\"></td>\r\n  <td class=\"xl99\"></td>\r\n  <td class=\"xl76\"></td>\r\n </tr></tbody></table>','Abierto',0,'2025-11-21 13:44:32','125',132,0,0,NULL,1,NULL),(76,129,75,201,2,11,10,13,640,'SOLICITUD PARA IMPRIMIR','<p>Tipo Documento:&nbsp; C201</p><p>Número Documento: 2571</p><p>Ambiente: Arpesod&nbsp;</p><p>Motivo: solicito autorización para&nbsp; imprimir&nbsp; documento ya que le di imprimir y la impresora esta&nbsp; dañada&nbsp;</p>','Abierto',0,'2025-11-21 16:57:12','116',129,0,0,NULL,1,NULL),(77,174,75,201,1,11,10,16,640,'REIMPRESION','<p>Tipo Documento: RC03</p><p>Número Documento:8048</p><p>Ambiente:&nbsp; Financiera</p><p>Motivo: FALLAS DE IMPRESORA</p>','Abierto',0,'2025-11-24 16:50:03','181',174,0,0,NULL,1,NULL),(78,171,75,200,3,11,10,14,639,'TRASLADO','<p>Tipo y n° de documento:&nbsp; CC&nbsp;<span style=\"color: rgba(0, 0, 0, 0.87); font-family: &quot;Fira sans&quot;, &quot;Helvetica Neue&quot;, sans-serif; font-size: medium; font-weight: 400;\">37124763&nbsp; &nbsp; &nbsp; &nbsp;</span></p><p>ID cliente:</p><p>Valor: 286.000</p><p>Ambiente inicial (Arpesod o Financiera): 101&nbsp;</p><p><span style=\"font-size: 1rem;\">Ambiente final (Arpesod o Financiera):102</span></p><p>Motivo:</p>','Abierto',0,'2025-11-25 18:04:15','124',171,0,0,NULL,1,NULL),(80,182,89,242,3,10,17,9,718,'Retiro de personal','listo','Abierto',0,'2025-11-27 14:58:55','170',182,0,0,NULL,1,NULL),(81,182,89,242,3,10,17,9,725,'Retiro de personal','listo','Abierto',0,'2025-11-27 15:03:58','115',182,NULL,NULL,NULL,1,170),(82,126,79,209,3,11,10,9,713,'Compra de mercancia','Se adjuntaron','Cerrado',0,'2025-11-27 16:23:23','114',126,1,1,'2025-11-27 16:49:13',1,NULL),(83,182,89,242,2,11,17,9,721,'Retiro de personal','enviado','Abierto',0,'2025-11-28 17:32:19','183,184,170,113',182,3,7,NULL,1,170),(84,182,89,242,3,10,17,9,721,'Retiro de personal','Nota: Hacer entrega de carta de terminación / Adjuntar carta de renuncia (Debe especificar la fecha de retiro)1','Abierto',0,'2025-11-28 17:47:27','183,184,170,113',182,3,7,NULL,1,170),(85,182,89,242,3,10,17,9,720,'Retiro de personal','Nota: Hacer entrega de carta de terminación / Adjuntar carta de renuncia (Debe especificar la fecha de retiro)&nbsp;','Abierto',0,'2025-11-29 08:36:03','170',182,2,7,NULL,1,170),(1096,182,89,242,3,10,17,9,720,'TESTSSSSSSSSSSS','Nota: Hacer entrega de carta de terminación / eAdjuntar carta de renuncia (Debe especificar la fecha de retiro)','Abierto',0,'2025-11-29 09:02:53','170',182,2,7,NULL,1,170),(1097,182,89,242,3,11,17,9,721,'test','Nota: Hacer entrega de carta de terminación / Adjuntar carta dde renuncia (Debe especificar la fecha de retiro)','Abierto',0,'2025-11-29 09:06:17','113,170,184,183',182,3,7,NULL,1,170),(1098,182,89,242,3,11,17,9,718,'TESTSSSSSSSSSSS','Nota: Hacer entrega de carta de terminación / Adjun´´tar carta de renuncia (Debe especificar la fecha de retiro)','Abierto',0,'2025-11-29 10:42:10','170',182,NULL,NULL,NULL,1,170),(1099,182,89,242,3,11,17,10,721,'Retiro de personal','Nota: Hacer entrega de carta de terminación / Adjuntar carta de renuncia (Debe especificar la fecha de retiro)8','Abierto',0,'2025-12-02 10:36:33','113,184,183',182,2,8,NULL,1,113),(1100,182,89,242,3,10,17,9,725,'TESTSSSSSSSSSSS','Nota: Hacer entrega de carta de terminación / Adjuntar carta de renuncia (Debe especificar la fecha de retiro)d','Abierto',0,'2025-12-02 10:41:55','115',182,NULL,NULL,NULL,1,170),(1101,182,89,242,3,11,17,10,721,'mercancia','Nota: Hacer entrega de carta de terminación / Adjuntar carta de reDDnuncia (Debe especificar la fecha de retiro)','Abierto',0,'2025-12-02 11:37:29','113,184,183',182,2,8,NULL,1,113),(1102,182,89,242,3,10,17,9,721,'TESTSSSSSSSSSSS','firmado','Abierto',0,'2025-12-03 09:01:02','113,170,184,183',182,2,8,NULL,1,170);
/*!40000 ALTER TABLE `tm_ticket` ENABLE KEYS */;

--
-- Table structure for table `tm_ticket_paralelo`
--

DROP TABLE IF EXISTS `tm_ticket_paralelo`;
/*!40101 SET @saved_cs_client     = @@character_set_client */;
/*!50503 SET character_set_client = utf8mb4 */;
CREATE TABLE `tm_ticket_paralelo` (
  `paralelo_id` int NOT NULL AUTO_INCREMENT,
  `tick_id` int NOT NULL,
  `paso_id` int NOT NULL,
  `usu_id` int NOT NULL,
  `estado` varchar(20) DEFAULT 'Pendiente',
  `estado_tiempo_paso` varchar(50) DEFAULT NULL,
  `fech_crea` datetime DEFAULT CURRENT_TIMESTAMP,
  `fech_cierre` datetime DEFAULT NULL,
  `comentario` text,
  `est` int DEFAULT '1',
  PRIMARY KEY (`paralelo_id`)
) ENGINE=InnoDB AUTO_INCREMENT=29 DEFAULT CHARSET=utf8mb4 COLLATE=utf8mb4_0900_ai_ci;
/*!40101 SET character_set_client = @saved_cs_client */;

--
-- Dumping data for table `tm_ticket_paralelo`
--

/*!40000 ALTER TABLE `tm_ticket_paralelo` DISABLE KEYS */;
INSERT INTO `tm_ticket_paralelo` VALUES (1,81,721,170,'Aprobado','A Tiempo','2025-11-28 17:24:02','2025-11-28 17:25:05','Aprobado',1),(2,81,721,113,'Aprobado','Atrasado','2025-11-28 17:24:02','2025-12-03 08:59:35','Aprobado',1),(3,83,721,183,'Pendiente',NULL,'2025-11-28 17:37:40',NULL,NULL,1),(4,83,721,184,'Pendiente',NULL,'2025-11-28 17:37:40',NULL,NULL,1),(5,83,721,170,'Pendiente',NULL,'2025-11-28 17:37:40',NULL,NULL,1),(6,83,721,113,'Pendiente',NULL,'2025-11-28 17:37:40',NULL,NULL,1),(7,84,721,183,'Pendiente',NULL,'2025-11-28 17:56:34',NULL,NULL,1),(8,84,721,184,'Pendiente',NULL,'2025-11-28 17:56:34',NULL,NULL,1),(9,84,721,170,'Pendiente',NULL,'2025-11-28 17:56:34',NULL,NULL,1),(10,84,721,113,'Aprobado','Atrasado','2025-11-28 17:56:34','2025-12-03 08:59:52','Aprobado',1),(11,1097,721,113,'Aprobado','A Tiempo','2025-11-29 09:14:19','2025-11-29 09:16:20','Aprobado',1),(12,1097,721,170,'Pendiente',NULL,'2025-11-29 09:14:19',NULL,NULL,1),(13,1097,721,184,'Pendiente',NULL,'2025-11-29 09:14:19',NULL,NULL,1),(14,1097,721,183,'Aprobado','Atrasado','2025-11-29 09:14:19','2025-12-02 11:12:26','Aprobado',1),(15,1099,721,113,'Aprobado','A Tiempo','2025-12-02 10:39:58','2025-12-02 10:40:47','Aprobado',1),(16,1099,721,184,'Aprobado','A Tiempo','2025-12-02 10:39:58','2025-12-02 11:08:53','Aprobado',1),(17,1099,721,183,'Aprobado','A Tiempo','2025-12-02 10:39:58','2025-12-02 11:17:34','Aprobado',1),(18,1100,721,113,'Aprobado','A Tiempo','2025-12-02 10:43:30','2025-12-02 11:04:17','Aprobado',1),(19,1100,721,170,'Aprobado','A Tiempo','2025-12-02 10:43:30','2025-12-02 10:44:22','Aprobado',1),(20,1100,721,184,'Aprobado','A Tiempo','2025-12-02 10:43:30','2025-12-02 11:01:08','Aprobado',1),(21,1100,721,183,'Aprobado','A Tiempo','2025-12-02 10:43:30','2025-12-02 11:11:42','Aprobado',1),(22,1101,721,113,'Aprobado','A Tiempo','2025-12-02 11:40:47','2025-12-02 11:41:42','Aprobado',1),(23,1101,721,184,'Aprobado','A Tiempo','2025-12-02 11:40:47','2025-12-02 11:44:36','Aprobado',1),(24,1101,721,183,'Pendiente',NULL,'2025-12-02 11:40:47',NULL,NULL,1),(25,1102,721,113,'Aprobado','A Tiempo','2025-12-03 09:02:54','2025-12-03 09:03:43','Aprobado',1),(26,1102,721,170,'Aprobado','A Tiempo','2025-12-03 09:02:54','2025-12-03 09:05:33','Aprobado',1),(27,1102,721,184,'Pendiente',NULL,'2025-12-03 09:02:54',NULL,NULL,1),(28,1102,721,183,'Pendiente',NULL,'2025-12-03 09:02:54',NULL,NULL,1);
/*!40000 ALTER TABLE `tm_ticket_paralelo` ENABLE KEYS */;

--
-- Table structure for table `tm_usuario`
--

DROP TABLE IF EXISTS `tm_usuario`;
/*!40101 SET @saved_cs_client     = @@character_set_client */;
/*!50503 SET character_set_client = utf8mb4 */;
CREATE TABLE `tm_usuario` (
  `usu_id` int NOT NULL AUTO_INCREMENT,
  `usu_nom` varchar(150) CHARACTER SET utf8mb3 COLLATE utf8mb3_spanish_ci DEFAULT NULL,
  `usu_ape` varchar(150) CHARACTER SET utf8mb3 COLLATE utf8mb3_spanish_ci DEFAULT NULL,
  `usu_correo` varchar(150) CHARACTER SET utf8mb3 COLLATE utf8mb3_spanish_ci NOT NULL,
  `usu_pass` varchar(150) CHARACTER SET utf8mb3 COLLATE utf8mb3_spanish_ci NOT NULL,
  `rol_id` int DEFAULT NULL,
  `reg_id` int DEFAULT NULL,
  `car_id` int DEFAULT NULL,
  `dp_id` int DEFAULT NULL,
  `es_nacional` tinyint(1) NOT NULL DEFAULT '0',
  `fech_crea` datetime DEFAULT NULL,
  `fech_modi` datetime DEFAULT NULL,
  `fech_elim` datetime DEFAULT NULL,
  `est` int NOT NULL,
  `usu_firma` varchar(255) COLLATE utf8mb3_spanish_ci DEFAULT NULL,
  PRIMARY KEY (`usu_id`)
) ENGINE=InnoDB AUTO_INCREMENT=186 DEFAULT CHARSET=utf8mb3 COLLATE=utf8mb3_spanish_ci COMMENT='Tabla Mantenedor de Usuarios';
/*!40101 SET character_set_client = @saved_cs_client */;

--
-- Dumping data for table `tm_usuario`
--

/*!40000 ALTER TABLE `tm_usuario` DISABLE KEYS */;
INSERT INTO `tm_usuario` VALUES (1,'Alexander','Pardo','jhonalexander2016.com@gmail.com','$2y$10$2tvU6M0R.tMvbE19J65NUO6zhQd5gL/qA4XDJobbatR.cISSl2XsC',3,NULL,NULL,NULL,0,'2025-08-04 17:21:44',NULL,NULL,1,NULL),(113,'Coordinador',' Sistemas','sistemas@electrocreditosdelcauca.com','$2y$10$/ljBuw.f8Ibnhmte/gcUmeiky3n.XU4A98WFrPleWNsDSgJQTzhZa',2,10,182,11,1,'2025-08-05 08:28:13',NULL,NULL,1,'firma_113_1764769820.png'),(114,'Caja','Popayan','cajapopayan@electrocreditosdelcauca.com','$2y$10$WEOL7oNAfFCy4ZB/Op.NteHQ6/5Jmm3ew0OV6W/XAF3r5RVbzGTJi',2,9,172,10,0,'2025-08-06 11:06:42',NULL,NULL,1,NULL),(115,'Analista','Popayan','auxcontabilidad4@electrocreditosdelcauca.com','$2y$10$bfsJ88XBVydcJfeuSlWMquAP2.TovHOTOfKstpwnyvhavUYgbch7.',2,9,153,10,0,'2025-08-06 11:07:35',NULL,NULL,1,NULL),(116,'Analista','Valle','auxcontabilidad1@electrocreditosdelcauca.com','$2y$10$pfGN7hFUHkd0gMxqYZTM9uSD1VjVkEy627L2GUJm3nGfyAerH7zOO',2,13,153,10,0,'2025-08-08 15:26:32',NULL,NULL,1,NULL),(117,'Analista','Bordo','auxcontabilidad2@electrocreditosdelcauca.com','$2y$10$.q2oZwKPa4VRq9b8T.AQKOsmw0LNEzDd2J5l13/XPCuH0Dpxc...G',2,15,153,10,0,'2025-08-08 15:27:28',NULL,NULL,1,NULL),(118,'Analista','Pasto','auxcontabilidad5@electrocreditosdelcauca.com','$2y$10$YIYqNUMvQz0l7fx3KOZQle8c6SFo6UqlqeegjejRILes1w2RryonW',2,8,153,10,0,'2025-08-08 15:28:29',NULL,NULL,1,NULL),(119,'Analista','Finansueños','auxcontabilidad6@electrocreditosdelcauca.com','$2y$10$DSoVgwQcPRPqe2Nk.eTs7.kN3TkI42qF.FGSD7M1wgBE5hOn.glBC',2,10,207,10,1,'2025-08-08 16:17:15',NULL,NULL,1,NULL),(120,'Analista','Confirmaciones','auxcontabilidad7@electrocreditosdelcauca.com','$2y$10$0P9EpuzAgfOVSvA/4Wrr/.tWYHvGnlHG61EgGVCXHNEDpbr8lurwC',2,10,204,10,1,'2025-08-08 16:18:02',NULL,NULL,1,NULL),(121,'Analista','Nacional','auxcontabilidad8@electrocreditosdelcauca.com','$2y$10$IX8g2IrZ8OtnWw15FVHGb.PG3DuNg7tGe.NhEK0iBO568IC42akK.',2,10,153,10,1,'2025-08-08 16:19:13',NULL,NULL,1,NULL),(122,'Analista','Devoluciones','auxcontabilidad9@electrocreditosdelcauca.com','$2y$10$mRrw7XXKGb3kJNTbJzfaKudgBl8pZFIpok/FvH9XR2IAqRcXvZCVK',2,10,203,10,1,'2025-08-08 16:19:54',NULL,NULL,1,NULL),(123,'Analista','Ambienta','auxcontabilidad10@electrocreditosdelcauca.com','$2y$10$HhyhHCU1wOYGn350lFfVmurwsN2PueFnA24yZLBUovZX93s43TvXe',2,11,153,10,0,'2025-08-08 16:20:31',NULL,NULL,1,NULL),(124,'Analista','Tuquerres','auxcontabilidad11@electrocreditosdelcauca.com','$2y$10$ZxRoEPC0OnYPjLr/sZ63Yu6/NrTCkVpoFm9SQx3zuV95Uqe8lMLRW',2,14,153,10,0,'2025-08-08 16:21:07',NULL,NULL,1,NULL),(125,'Analista','Huila','auxcontabilidad12@electrocreditosdelcauca.com','$2y$10$6n6kwiK7kRb9Be0DBDJMGeYzLPEMPYMJBpjyoPVhRJTSmbotdKyle',2,12,153,10,0,'2025-08-08 16:21:40',NULL,NULL,1,NULL),(126,'Lider ','Popayan','liderzonapopayan@electrocreditosdelcauca.com','$2y$10$nrTE2/67pCXpO6YjgyBibOPd1UI/daFJWRY669KC9aXnBUA9Jv3ui',2,9,193,15,0,'2025-08-09 10:23:51',NULL,NULL,1,NULL),(127,'Caja','Ambienta','cajaambienta@electrocreditosdelcauca.com','$2y$10$anTq.fDbKPdyQ593Cd/xEuXHK3DEVlGqFNHTrZ26emRKfzUhtydF.',2,11,172,10,0,'2025-09-06 11:26:46',NULL,NULL,1,NULL),(128,'Caja','Bordo','cajabordo@electrocreditosdelcauca.com','$2y$10$9KcYsXLiKgOLfxy1cnC5GOaNjkk3XB.7H8ykM5s5Gptxj.G8wFWgu',2,15,172,10,0,'2025-09-06 11:27:15',NULL,NULL,1,NULL),(129,'Caja','Cali','cajacali@electrocreditosdelcauca.com','$2y$10$aeHDjIUQbQJJFbNBappxMeP9FkY5GE9HeXKyZGHF3qsAT5zPaebJ2',2,13,172,10,0,'2025-09-06 11:28:14',NULL,NULL,1,NULL),(130,'Caja','Calle 5','cajacallequinta@electrocreditosdelcauca.com','$2y$10$3o4A7Shskux5piNXvI/M6uk/1YX.6ztJVesIFlLVEdcWvkkSHokku',2,9,172,10,0,'2025-09-06 11:29:33',NULL,NULL,1,NULL),(131,'Caja','Pasto','cajapasto@electrocreditosdelcauca.com','$2y$10$Pxatoygi4f1yM6bV/2hZUuYXqsK..DHCMQWJJuFOQzsItXFdgIeM.',2,8,172,10,0,'2025-09-06 11:34:31',NULL,NULL,1,NULL),(132,'Caja','Pitalito','cajapitalito@electrocreditosdelcauca.com','$2y$10$05Uy30YzlC4LUZrXmn.uOuKx9zSOziZwudyEu6JugAKiOLvzrpWiy',2,12,172,10,0,'2025-09-06 11:35:29',NULL,NULL,1,NULL),(133,'Caja','Santander','cajasantander@electrocreditosdelcauca.com','$2y$10$lIaBQMcRXMbZt28L9lAm8Ow29u7fvDjoBgUt97WVFbiHj5zzDwm1q',2,16,172,10,0,'2025-09-06 11:36:40',NULL,NULL,1,NULL),(134,'Caja','Tuquerres','cajatuquerres@electrocreditosdelcauca.com','$2y$10$xMSWZScWsmdf7Ql9MUGthu.6d6LgwByaH3j6v1oa.Ai09cn4o7zC6',2,14,172,10,0,'2025-09-06 11:39:22',NULL,NULL,1,NULL),(135,'Caja','Union','cajaunion@electrocreditosdelcauca.com','$2y$10$lfp4tuiL2prnMQ.iyNw22.kbEVua1Oe6YPamw9AT0ofiCmEiiBEHO',2,8,172,10,0,'2025-09-06 11:40:22',NULL,NULL,1,NULL),(136,'Lider','Ambienta','liderzonaambienta@electrocreditosdelcauca.com','$2y$10$73fDPVyqS7aIMLgRsDI6Ze4G9WH3WEXZgtq34APFZSwB6tEUUHXYi',2,11,193,15,0,'2025-09-10 10:59:39',NULL,NULL,1,NULL),(137,'Lider','Bordo','liderzonabordo@electrocreditosdelcauca.com','$2y$10$alwX4espxy1EDW9lsdgPqu0AifrrAkxbGfhB2wNbcIjTyXXBqrHZq',2,15,193,15,0,'2025-09-10 11:00:28',NULL,NULL,1,NULL),(138,'Lider','Huila','liderzonahuila@electrocreditosdelcauca.com','$2y$10$sGB9X.PlWT4TvGfAAJTWZe5yLEURH0U6RL/rnuJIMdbuKCr.IU75m',2,12,193,15,0,'2025-09-10 11:01:12',NULL,NULL,1,NULL),(139,'Lider','Pasto','liderzonapasto@electrocreditosdelcauca.com','$2y$10$ZZTxcBrOL9tU6xcU.hXxqeicjBi07KAs8cUsGdiWuLwD7Ox4ce5s.',2,8,193,15,0,'2025-09-10 11:01:27',NULL,NULL,1,NULL),(140,'Lider','Pasto','liderzonapopayan@electrocreditosdelcauca.com','$2y$10$xoHSglcC/sGI4pTkNFj01OA0xvG2QT/fWZN4monCRJlMPyhuyI2WW',2,8,193,14,0,'2025-09-10 11:01:27',NULL,'2025-09-10 11:06:18',0,NULL),(141,'Lider','Popayan 7','liderzonapopayan7@electrocreditosdelcauca.com','$2y$10$KbmqXiltr/enzxIQZxZM1eAsfGY7Dee52qILLFDXpaXf53SB9nyQC',2,17,193,15,0,'2025-09-10 11:07:40',NULL,NULL,1,NULL),(142,'Lider','Santander','liderzonasantander@electrocreditosdelcauca.com','$2y$10$KH28L9MyfbfWBfeenAQireG4Ft.NVbHlDt3CFFUMhyjHH0hLmUOn.',2,16,193,15,0,'2025-09-10 11:08:31',NULL,NULL,1,NULL),(143,'Lider','Tuquerres','liderzonatuquerres@electrocreditosdelcauca.com','$2y$10$p2lSHzcR7PFxShN7D.Erw.MBlhEa6b9Uu7UL24dEzzzGpPHUiQ0rO',2,14,193,15,0,'2025-09-10 11:18:20',NULL,NULL,1,NULL),(144,'Lider','Valle','liderzonavalle@electrocreditosdelcauca.com','$2y$10$hTq4qL54XMWKHehdgXEkueL1LlYheKCHwruTdPYxTWHeHLFo7cLAW',2,13,193,15,0,'2025-09-10 11:21:55',NULL,NULL,1,NULL),(145,'Coordinador','Compras (Sergio)','compras@electrocreditosdelcauca.com','$2y$10$YaZ0RgBGTNVU4ekVvS4MPuHO/q.cV0WbOKawTnWhkuFMgjSyukHHS',2,10,179,15,1,'2025-09-10 11:39:26',NULL,NULL,1,NULL),(146,'Coordinador','Compras (Diego)','comprador@electrocreditosdelcauca.com','$2y$10$DQOX3L.kVOvym/EZZ2.ZBOAVKEiJHQG6pbENlHQ1RT97PVsY0LDXa',2,10,179,15,1,'2025-09-10 11:43:16',NULL,NULL,1,NULL),(147,'Coordinador','Inventarios','inventarios@electrocreditosdelcauca.com','$2y$10$aG0B3/jfwVowb2pf5BCfZ.DFyp00OCEwJB6d9XupgXfEnXmsfc9pi',2,10,181,15,1,'2025-09-10 11:44:08',NULL,NULL,1,NULL),(148,'Cartera','Nacional','carteranacional@electrocreditosdelcauca.com','$2y$10$/34jzv7b/.05dj9p4xpCsetBkq2KknRuJKzvZtKbywpSolQ.OPTfy',2,10,180,14,1,'2025-09-10 11:46:12',NULL,NULL,1,'firma_148_1764770556.png'),(149,'Auxiliar','Nomina','auxnomina@electrocreditosdelcauca.com','$2y$10$FWEsFHPbjQ3vkQbhyjwal./CzjkGLAYfNjrxySs5exm3NNa4oE14O',2,10,166,NULL,0,'2025-09-10 11:52:11',NULL,NULL,1,NULL),(150,'Analista','Nomina','nomina@electrocreditosdelcauca.com','$2y$10$oJhp7yETpEBUmcHjWBIAMe0aVcsAySz.u5JkVDjgsyM2.RSYDU0iy',2,10,157,NULL,0,'2025-09-10 11:53:12',NULL,NULL,1,NULL),(151,'Asistente ','Gerencia','asistentegerencia@electrocreditosdelcauca.com','$2y$10$5twfIde7/oOhzhUkZuzhWeQgbaX7mpTxHmx6v4qONme5Bld8D2hoe',2,10,201,16,0,'2025-09-10 11:55:18',NULL,NULL,1,NULL),(152,'Tesorero',' (a)','tesoreria@electrocreditosdelcauca.com','$2y$10$aZLclQtSgIFo.jP1k1VZ4.vOv0CLOCpiQoe6vTMKCruMFS9xn8ltW',2,10,199,10,1,'2025-09-10 11:59:18',NULL,NULL,1,NULL),(153,'Analista','Operativo','analistafinanciero@electrocreditosdelcauca.com','$2y$10$I1Z.0Veapw68c4B3LKYQweX55/nunxpGUw4UtrZeGO5pydUt6n5VK',2,10,202,14,1,'2025-09-10 12:01:13',NULL,NULL,1,NULL),(154,'Bodega','Ambienta','bodegaambienta@electrocreditosdelcauca.com','$2y$10$xCup5hAx62Kxont/YMoFL.Ztzmtusqi8cSCqOE93T44pTa4.jr4ca',2,11,191,15,0,'2025-09-10 14:36:20',NULL,NULL,1,NULL),(155,'Bodega','Bordo','bodegabordo@electrocreditosdelcauca.com','$2y$10$lpZn6nEkRp8NX6MDzjAFcue8ACjqZPiLdHlAX5yZYRfWFVmP3Tj7G',2,15,191,15,0,'2025-09-10 14:36:59',NULL,NULL,1,NULL),(156,'Bodega','Cali','bodegacali@electrocreditosdelcauca.com','$2y$10$N.bWPha2It.SzXLmT/mWj.SJuk8HNcwcZV3haMBzFJ0pYa.DdcaOm',2,13,191,15,0,'2025-09-10 14:38:08',NULL,NULL,1,NULL),(157,'Bodega','Huila','bodegahuila@electrocreditosdelcauca.com','$2y$10$8aTlq9.JMPc9bSO0ECF5qeuHyZPxtMjka9Opz.zfBwnNE91sSYi8y',2,8,191,15,0,'2025-09-10 14:38:55',NULL,NULL,1,NULL),(158,'Bodega','Popayan','bodegapopayan@electrocreditosdelcauca.com','$2y$10$4XK4gAhvQgFhRefvxONp0OwagozwcNy1GXNjRWo1VJZeZKhSl13.G',2,9,191,15,0,'2025-09-10 14:42:10',NULL,NULL,1,NULL),(159,'Bodega','Santander','bodegasantander@electrocreditosdelcauca.com','$2y$10$zX9u8C.edtAcQ3mgxD2lAunYojwdejVxGElOjhNrR62GyRORaD0me',2,16,191,15,0,'2025-09-10 14:43:10',NULL,NULL,1,NULL),(160,'Bodega','Tuquerres','bodegatuquerres@electrocreditosdelcauca.com','$2y$10$5FfvtCWWPLc.8Amdp.0M3uGN2UabFGS/bIvlo1iSrQ/R/Ir9KqMKa',2,14,191,15,0,'2025-09-10 14:43:53',NULL,NULL,1,NULL),(161,'Sc','Bordo','scbordo@electrocreditosdelcauca.com','$2y$10$j9THY/6cOKsbGVuITDdpQOqQ7efz5Np0U.RTCN6YO9H9doG9OGeWi',2,15,167,13,0,'2025-09-11 08:59:39',NULL,NULL,1,NULL),(162,'Sc','Nacional','scnacional@electrocreditosdelcauca.com','$2y$10$gHlqov0DVWISZbm2xMG16Of1.qP4Brt0zk8Lyi2bvQvDZQFaq6riG',2,10,167,13,0,'2025-09-11 09:00:16',NULL,NULL,1,NULL),(163,'Sc','Pasto','scpasto@electrocreditosdelcauca.com','$2y$10$SV8vOVfx9mtx1V2vNnJvlum8iq5D2PCHTUzFNh4nxtOp/WhLvXRKC',2,8,167,13,0,'2025-09-11 09:02:00',NULL,NULL,1,NULL),(164,'Sc','Popayan','scpopayan@electrocreditosdelcauca.com','$2y$10$VhcOE56/OX7z03CW3Bpiqu1n7/0cZe18TF0R0xFMnsB1PGUnyk2WS',2,9,167,13,0,'2025-09-11 09:03:00',NULL,NULL,1,NULL),(165,'Sc','Santander','scsantander@electrocreditosdelcauca.com','$2y$10$MkVwVc9Vg3pKPeJt13OXgueKGG1h/E9o4669Fr5.SbRtPGCfTZ53G',2,16,167,13,0,'2025-09-11 09:15:36',NULL,NULL,1,NULL),(166,'Sc','Valle','scvalle@electrocreditosdelcauca.com','$2y$10$xEwlh4fpC.Y40DhZrJ58POp4QdG21lR227wrXqTMRLQnxyJcDmpje',2,13,167,13,0,'2025-09-11 09:16:36',NULL,NULL,1,NULL),(167,'Cartera','Bordo','carterabordo@electrocreditosdelcauca.com','$2y$10$JrOeO0wuewwBx9DlPxKY6eh64Qe6v8BdRyRSvdeeWomR3T2zv8L02',2,15,190,14,0,'2025-09-11 09:21:06',NULL,NULL,1,NULL),(168,'Cartera','Cali','carteracali@electrocreditosdelcauca.com','$2y$10$wPMa6kvcTYOE4Lp9eqZNZeTL.F.R14H6uUbCKtcnXbHoomJNpVNf6',2,13,190,14,0,'2025-09-11 09:22:13',NULL,NULL,1,NULL),(169,'Cartera','Pasto','carterapasto1@electrocreditosdelcauca.com','$2y$10$aULiXSXb1Fnio7pF6WvPa.DObVjJtwAjKdesdkp8FA4EzXkl3GdKS',2,8,190,14,0,'2025-09-11 09:25:13',NULL,NULL,1,NULL),(170,'Cartera','Popayan','carterapopayan@electrocreditosdelcauca.com','$2y$10$pM1o5zkbVdGkC06YAlaII.Uh1ivpUIQQ5opQ9r.oq5nDPDLgAyszq',2,9,190,14,0,'2025-09-11 09:26:04',NULL,NULL,1,'firma_170_1764770711.png'),(171,'Cartera','Tuquerres','carteratuquerres@electrocreditosdelcauca.com','$2y$10$C6my2YFdDIJgFJON5ffEluzriBWqulJc6/7mb0fH34gk3m7APyRJS',2,14,190,14,0,'2025-09-11 09:27:07',NULL,NULL,1,NULL),(172,'Asistente ','Ambienta','asisregionalambienta@electrocreditosdelcauca.com','$2y$10$2QYbd6dExxzHE5O1dGkG/.oqTvuyX1HqFXXCcKI90GrhnZM6G/14u',2,11,162,16,0,'2025-09-11 09:32:24',NULL,NULL,1,NULL),(173,'Asistente ','Bordo','asisregionalbordo@electrocreditosdelcauca.com','$2y$10$Q0OjqAHdA6rffgDS1h9Sa.QKCl1OqZtDnoulCQXexSPMETgHiO5nW',2,15,162,16,0,'2025-09-11 09:33:41',NULL,NULL,1,NULL),(174,'Asistente ','Santander','asisregionalsantander@electrocreditosdelcauca.com','$2y$10$EYC0Me1uZ2uB56gDilxe7OYt09YNedU3o7ZFiRMBCBagqzYCyU.B2',2,16,162,16,0,'2025-09-11 09:34:43',NULL,NULL,1,NULL),(175,'Asistente ','Tuquerres','asisregionaltuquerres@electrocreditosdelcauca.com','$2y$10$BkfCOhkccQjxYYHWrEZPweBf3qSX7bv3Cw/pwsy.MybSbwix3J2Hu',2,14,162,16,0,'2025-09-11 09:36:25',NULL,NULL,1,NULL),(176,'Asistente','Pasto','auxadminpasto@electrocreditosdelcauca.com','$2y$10$EMnVGc1k4L5bhpc6JWSXwO44hAUAyGhAsOojBVvF.PddaicrPRdm6',2,8,162,16,0,'2025-09-11 09:37:16',NULL,NULL,1,NULL),(177,'Supernumerario','Cartera','supernumerariocartera@electrocreditosdelcauca.com','$2y$10$hVKKZAAQ64t.y2STw5pgeemdupdDJW5F3UsZiU1kr5I/qTlloybDu',2,10,198,14,1,'2025-09-11 09:41:04',NULL,NULL,1,NULL),(178,'Aux Cartera','Popayan','auxcarterapop@electrocreditosdelcauca.com','$2y$10$sMIqiG8bgR93U.z3VhmpSukMMksjz.bbY.4iT84HpiskIN2F7.pA6',2,9,164,14,0,'2025-09-11 11:33:31',NULL,NULL,1,NULL),(179,'Supernumerario','Financiera','supernumerario@electrocreditosdelcauca.com','$2y$10$WWduOjXQ1/8SgdI9Ommj9uupR8QiKp5jcPtJazZxCcX5nTYWBtj86',2,10,206,10,1,'2025-10-29 15:14:59',NULL,NULL,1,NULL),(180,'Gerente','Finansueños','gerentegeneral@xn--finansueos-09a.com','$2y$10$qGZoCIrSQB2rXJwrtVgBfOtEfidOOz7xcmfayeSRsX2h/MQ1XajHO',2,10,200,16,1,'2025-11-13 11:11:30',NULL,NULL,1,NULL),(181,'Analista','Santander','auxcontabilidad13@electrocreditosdelcauca.com','$2y$10$QyNUFWNVjTo4ESWttkWiWepbISS50rTDouhWTUFCy2OwDS8nZ8hc.',2,16,153,10,0,'2025-11-24 16:13:36',NULL,NULL,1,NULL),(182,'Analista','T.H.','asistalentohumano@electrocreditosdelcauca.com','$2y$10$Histx0C/7hWDHDgqjIzF/.3z9jxCxHb.9S9.tFTl6XQ.8wqdwmU2a',2,10,158,17,1,'2025-11-27 14:42:31',NULL,NULL,1,NULL),(183,'Director','Auditoria','auditoriainterna@electrocreditosdelcauca.com','$2y$10$yq3SntoI3c0D9UvY00nB/eas/v9v6NpVB4yI5JXYwZrc5h2N3RpKu',2,10,183,12,1,'2025-11-28 17:28:46',NULL,NULL,1,NULL),(184,'Coordinador','CAC','coordinadorcac@electrocreditosdelcauca.com','$2y$10$FVshHc.ShAV5OfegmxDDvek4SGrkoU.4gMjsEX4OvmrvY6Tj39GNy',2,10,178,13,1,'2025-11-28 17:30:17',NULL,NULL,1,NULL),(185,'Sebastian','Balvin','balvin@gmail.com','$2y$10$BHccAPszXiEu1rd/caHFhOVCHCuwEdS7fwUamE4QZ0b1yHcwKXgsS',2,10,205,11,0,'2025-12-02 10:29:03',NULL,NULL,1,NULL);
/*!40000 ALTER TABLE `tm_usuario` ENABLE KEYS */;

--
-- Dumping routines for database 'helpdeskdb'
--
/*!50003 DROP PROCEDURE IF EXISTS `sp_d_usuario_01` */;
/*!50003 SET @saved_cs_client      = @@character_set_client */ ;
/*!50003 SET @saved_cs_results     = @@character_set_results */ ;
/*!50003 SET @saved_col_connection = @@collation_connection */ ;
/*!50003 SET character_set_client  = utf8mb4 */ ;
/*!50003 SET character_set_results = utf8mb4 */ ;
/*!50003 SET collation_connection  = utf8mb4_0900_ai_ci */ ;
/*!50003 SET @saved_sql_mode       = @@sql_mode */ ;
/*!50003 SET sql_mode              = 'NO_AUTO_VALUE_ON_ZERO' */ ;
DELIMITER ;;
CREATE DEFINER=`root`@`localhost` PROCEDURE `sp_d_usuario_01`(IN `xusu_id` INT)
BEGIN

	UPDATE tm_usuario 

	SET 

		est='0',

		fech_elim = now() 

	where usu_id=xusu_id;

END ;;
DELIMITER ;
/*!50003 SET sql_mode              = @saved_sql_mode */ ;
/*!50003 SET character_set_client  = @saved_cs_client */ ;
/*!50003 SET character_set_results = @saved_cs_results */ ;
/*!50003 SET collation_connection  = @saved_col_connection */ ;
/*!50003 DROP PROCEDURE IF EXISTS `sp_l_usuario_01` */;
/*!50003 SET @saved_cs_client      = @@character_set_client */ ;
/*!50003 SET @saved_cs_results     = @@character_set_results */ ;
/*!50003 SET @saved_col_connection = @@collation_connection */ ;
/*!50003 SET character_set_client  = utf8mb4 */ ;
/*!50003 SET character_set_results = utf8mb4 */ ;
/*!50003 SET collation_connection  = utf8mb4_0900_ai_ci */ ;
/*!50003 SET @saved_sql_mode       = @@sql_mode */ ;
/*!50003 SET sql_mode              = 'NO_AUTO_VALUE_ON_ZERO' */ ;
DELIMITER ;;
CREATE DEFINER=`root`@`localhost` PROCEDURE `sp_l_usuario_01`()
BEGIN
	SELECT * FROM tm_usuario LEFT JOIN tm_departamento AS departamento ON tm_usuario.dp_id = departamento.dp_id  where tm_usuario.est='1';
END ;;
DELIMITER ;
/*!50003 SET sql_mode              = @saved_sql_mode */ ;
/*!50003 SET character_set_client  = @saved_cs_client */ ;
/*!50003 SET character_set_results = @saved_cs_results */ ;
/*!50003 SET collation_connection  = @saved_col_connection */ ;
/*!50003 DROP PROCEDURE IF EXISTS `sp_l_usuario_02` */;
/*!50003 SET @saved_cs_client      = @@character_set_client */ ;
/*!50003 SET @saved_cs_results     = @@character_set_results */ ;
/*!50003 SET @saved_col_connection = @@collation_connection */ ;
/*!50003 SET character_set_client  = utf8mb4 */ ;
/*!50003 SET character_set_results = utf8mb4 */ ;
/*!50003 SET collation_connection  = utf8mb4_0900_ai_ci */ ;
/*!50003 SET @saved_sql_mode       = @@sql_mode */ ;
/*!50003 SET sql_mode              = 'NO_AUTO_VALUE_ON_ZERO' */ ;
DELIMITER ;;
CREATE DEFINER=`root`@`localhost` PROCEDURE `sp_l_usuario_02`(IN `xusu_id` INT)
BEGIN
	SELECT 
    u.*,
	GROUP_CONCAT(e.emp_id SEPARATOR ',') AS emp_ids
	FROM tm_usuario u
	LEFT JOIN empresa_usuario eu ON eu.usu_id = u.usu_id
	LEFT JOIN td_empresa e ON eu.emp_id = e.emp_id
	WHERE u.usu_id = xusu_id
	GROUP BY u.usu_id;

END ;;
DELIMITER ;
/*!50003 SET sql_mode              = @saved_sql_mode */ ;
/*!50003 SET character_set_client  = @saved_cs_client */ ;
/*!50003 SET character_set_results = @saved_cs_results */ ;
/*!50003 SET collation_connection  = @saved_col_connection */ ;
/*!50003 DROP PROCEDURE IF EXISTS `sp_reporte` */;
/*!50003 SET @saved_cs_client      = @@character_set_client */ ;
/*!50003 SET @saved_cs_results     = @@character_set_results */ ;
/*!50003 SET @saved_col_connection = @@collation_connection */ ;
/*!50003 SET character_set_client  = utf8mb4 */ ;
/*!50003 SET character_set_results = utf8mb4 */ ;
/*!50003 SET collation_connection  = utf8mb4_0900_ai_ci */ ;
/*!50003 SET @saved_sql_mode       = @@sql_mode */ ;
/*!50003 SET sql_mode              = 'NO_AUTO_VALUE_ON_ZERO' */ ;
DELIMITER ;;
CREATE DEFINER=`root`@`localhost` PROCEDURE `sp_reporte`()
BEGIN
        SELECT
        ticket.tick_id as ticket,
        ticket.tick_titulo as titulo,
        ticket.tick_descrip as descripcion,
        ticket.tick_estado as estado,
        ticket.fech_crea as fechacreacion,
        ticket.fech_asig as fechaasignacion,
        ticket.fech_cierre as fechacierre,
        CONCAT(usuariocrea.usu_nom, ' ',usuariocrea.usu_ape ) as nombreusuario,
        CONCAT(usuarioasig.usu_nom, ' ',usuarioasig.usu_ape ) as nombresoporte,
        categoria.cat_nom as categoria,
        subcategoria.cats_nom as subcategoria,
        prioridad.pd_nom as prioridad
        FROM
        tm_ticket as ticket
        INNER JOIN tm_categoria as categoria ON ticket.cat_id = categoria.cat_id
        INNER JOIN tm_usuario as usuariocrea ON ticket.usu_id = usuariocrea.usu_id
        LEFT JOIN tm_usuario as usuarioasig on ticket.usu_asig = usuarioasig.usu_id
        INNER JOIN td_prioridad as prioridad ON ticket.pd_id = prioridad.pd_id
        INNER JOIN tm_subcategoria as subcategoria on ticket.cats_id = subcategoria.cats_id


        WHERE
        ticket.est = 1;

END ;;
DELIMITER ;
/*!50003 SET sql_mode              = @saved_sql_mode */ ;
/*!50003 SET character_set_client  = @saved_cs_client */ ;
/*!50003 SET character_set_results = @saved_cs_results */ ;
/*!50003 SET collation_connection  = @saved_col_connection */ ;
/*!40103 SET TIME_ZONE=@OLD_TIME_ZONE */;

/*!40101 SET SQL_MODE=@OLD_SQL_MODE */;
/*!40014 SET FOREIGN_KEY_CHECKS=@OLD_FOREIGN_KEY_CHECKS */;
/*!40014 SET UNIQUE_CHECKS=@OLD_UNIQUE_CHECKS */;
/*!40101 SET CHARACTER_SET_CLIENT=@OLD_CHARACTER_SET_CLIENT */;
/*!40101 SET CHARACTER_SET_RESULTS=@OLD_CHARACTER_SET_RESULTS */;
/*!40101 SET COLLATION_CONNECTION=@OLD_COLLATION_CONNECTION */;
/*!40111 SET SQL_NOTES=@OLD_SQL_NOTES */;

-- Dump completed on 2025-12-03 10:35:08
